-- phpMyAdmin SQL Dump
-- version 5.2.3-1.fc43
-- https://www.phpmyadmin.net/
--
-- Host: localhost
-- Generation Time: May 16, 2026 at 03:44 PM
-- Server version: 10.11.16-MariaDB
-- PHP Version: 8.4.20

SET SQL_MODE = "NO_AUTO_VALUE_ON_ZERO";
START TRANSACTION;
SET time_zone = "+00:00";


/*!40101 SET @OLD_CHARACTER_SET_CLIENT=@@CHARACTER_SET_CLIENT */;
/*!40101 SET @OLD_CHARACTER_SET_RESULTS=@@CHARACTER_SET_RESULTS */;
/*!40101 SET @OLD_COLLATION_CONNECTION=@@COLLATION_CONNECTION */;
/*!40101 SET NAMES utf8mb4 */;

--
-- Database: `thoughts_of_nomads`
--

-- --------------------------------------------------------

--
-- Table structure for table `articles`
--

CREATE TABLE `articles` (
  `article_id` int(11) NOT NULL,
  `author_id` int(11) NOT NULL,
  `category_id` int(11) NOT NULL,
  `title` varchar(255) NOT NULL,
  `content` longtext NOT NULL,
  `status` enum('DRAFT','PENDING','PUBLISHED','REJECTED') NOT NULL DEFAULT 'DRAFT',
  `review_note` text DEFAULT NULL,
  `reviewed_at` timestamp NULL DEFAULT NULL,
  `cover_image` varchar(255) DEFAULT NULL,
  `created_at` timestamp NULL DEFAULT current_timestamp(),
  `updated_at` timestamp NULL DEFAULT current_timestamp() ON UPDATE current_timestamp(),
  `published_at` timestamp NULL DEFAULT NULL
) ENGINE=InnoDB DEFAULT CHARSET=latin1 COLLATE=latin1_swedish_ci;

--
-- Dumping data for table `articles`
--

INSERT INTO `articles` (`article_id`, `author_id`, `category_id`, `title`, `content`, `status`, `review_note`, `reviewed_at`, `cover_image`, `created_at`, `updated_at`, `published_at`) VALUES
(1, 1, 6, 'KATHMANDU - Asan', '<p>One of the most important and well-known marketplaces in the heart of Kathmandu, the capital and largest city of Nepal, is called Asan. This site is a well-known historic bazaar that has been frequented for many years. The neighborhood is known for having a lot of festivals and for being in a good place.</p><p>Featured aspects include the fact that the streets of Asan intersect in a square, which results in the area being perpetually busy. The colors are vibrant and eye-catching, which appeals to tourists and makes this location that much more desirable to visit. Because they sell such a wide selection of goods and items, tourists will find that this location offers them a more interesting and enjoyable experience overall.</p><p>Everything from fabrics, electronics, culinary items, and everything in between is available here. Additionally, the market is home to a number of architecturally significant attractions.</p><p><img src=\"https://nht-api.nepalhikingteam.com/media/attachments/media-a0e96fba-1751181551.jpg\" alt=\"Asan Bazaar\">Asan Bazar</p><h2>History of Asan Bazar</h2><p>Asan is in the middle of one of the two famous trade routes between India and Tibet that go through Kathmandu. Because of its long history, Asan has always been considered to be one of the most important marketplaces in this city. The trade route runs diagonally through the city and reaches Asan and the northeast from Kathmandu Durbar Square.</p><p>Asan\'s history is closely tied to its role as a major stop on the ancient India-Tibet trade route, which passed through Kathmandu.&nbsp;The square is where six major streets converge, making it a natural hub for commerce and social gatherings. For centuries, it has been a bustling marketplace where diverse goods were exchanged, shaping the cultural landscape of the Kathmandu Valley.</p><p>Legend and Myth:&nbsp;A popular legend explains the origin of the name \"Asan\" as deriving from the Newari word \"ansaa,\" meaning \"just there\" or \"nearby,\" referring to a fish that supposedly fell from the sky. Another interpretation suggests the name comes from the Sanskrit word \"asana,\" meaning \"seat\" or \"place,\" reflecting its historical role as a central meeting point.</p><h2>Where is Asaan Bazar Located?</h2><p>Asan Bazaar is located in the heart of Kathmandu, Nepal, specifically at the intersection of six major streets in the city\'s historic center. It\'s a well-known market square and a vibrant hub of commerce, known for its diverse range of goods and bustling atmosphere.&nbsp;</p><h2>How can I get to the Asan Bazaar?</h2><p>Asan is a very close distance from&nbsp;<a href=\"https://www.nepalhikingteam.com/thamel-bazar\" rel=\"noopener noreferrer\" target=\"_blank\" style=\"color: rgb(12, 182, 216);\">Thamel</a>&nbsp;&amp;&nbsp;<a href=\"https://www.nepalhikingteam.com/kathmandu-durbar-square\" rel=\"noopener noreferrer\" target=\"_blank\" style=\"color: rgb(12, 182, 216);\">Kathmandu Durbar Squar</a>e. You can easily go by walking through the ancient streets of Kathmandu. You are not required to hire a taxi or a bus to get there. You can ask anyone in the street about the instructions.</p><p><img src=\"https://nht-api.nepalhikingteam.com/media/attachments/media-04f3ba07-1751181552.jpg\" alt=\"Asan Bazar\">Asan Bazar Market</p><h2>What is Asan Bazar Famous for?</h2><p>Asan Bazar, a historic market in Kathmandu, is renowned for its vibrant atmosphere, diverse array of goods, and cultural significance. It\'s a bustling hub where locals and tourists alike come to shop for everything from spices and textiles to electronics and traditional Nepali items. The market is also known for its temples, shrines, and historical architecture, making it a popular destination for cultural exploration.</p><ul><li>Shopping Destination:&nbsp;Asan Bazar is a shopper\'s paradise, offering a wide range of products, including spices, fresh produce, textiles, electronics, handicrafts, and traditional Nepali items.</li><li>Lively Atmosphere:&nbsp;The market is known for its vibrant and bustling atmosphere, with narrow streets filled with stalls and shops.</li><li>Culinary Delights:&nbsp;Food lovers can find a variety of local delicacies, including momo and chatamari, sold by street food vendors.</li><li>Historical Market:&nbsp;Asan Bazar is one of the oldest and most historic marketplaces in Kathmandu, with a rich history and architectural heritage.</li><li>Temples and Shrines:&nbsp;The market is home to several temples and shrines, including the Annapurna Temple, adding to its cultural and religious significance.</li><li>Gateway to Heritage Sites:&nbsp;Asan Bazar is conveniently located near other historical landmarks like Basantapur Durbar Square, allowing visitors to combine shopping with sightseeing.</li><li>Community Hub:&nbsp;The market serves as a central part of daily life in Kathmandu, offering a glimpse into the local culture and traditions.</li><li>Central Location:&nbsp;Asan Bazar is located in the heart of Kathmandu, making it easily accessible to both locals and tourists.</li><li>Converging Roads:&nbsp;The market square is where six roads converge, contributing to its perpetual bustling atmosphere.</li></ul><h2>In Conclusion</h2><p>Asan is one of the oldest marketplaces in the capital and is often a hot spot for local tourism. This site is a well-known historic bazaar that has been frequented for many years. The neighborhood is known for having a lot of festivals and for being a good area to visit. It\'s been around for a long time and is a great place to learn about the culture of Nepal. If you\'re looking to learn more about the history of Kathmandu and Nepal, we recommend you head over to this website and start learning more about what you can find and do in the Kathmandu valley. If you\'re going to be in Nepal in the near future, make sure to visit this site for all your needs!</p><p><br></p>', 'PUBLISHED', NULL, '2026-05-06 05:00:26', 'uploads/covers/ed94268b-c2a3-4ee6-8cd1-98ef405f2f36.webp', '2026-05-05 18:32:54', '2026-05-06 05:00:26', '2026-05-06 05:00:26'),
(2, 1, 11, 'Italian foods', '<p>Of all the world cuisines, perhaps nothing has impacted the American culinary scene as much as Italian food. The two are so closely linked that you might forgive some folks for thinking pizza or spaghetti and meatballs are as American as hot dogs and apple pie.</p><p>And in many ways, they&nbsp;<em>are</em>&nbsp;quintessentially American—spaghetti and meatballs, for example, are an adaptation created by Italian immigrants who took recipes they brought from home and adjusted them based upon ingredients that were available in the U.S.</p><p>Join us on a cultural and culinary journey to explore the rich history of Italian cuisine and how it became woven in the fabric of our meals in the U.S.</p><p><strong>Table of Contents</strong></p><p>All Roads Lead to Rome: The Origins of Italian Cuisine</p><p>Elements of Traditional Italian Cuisine</p><p>Traditional Courses</p><p>From Italy to America</p><p>Core Italian American Foods</p><p>Today’s Influence on American Cuisine</p><p>Find Out More About World Cuisines</p><p><br></p><p><br></p><h2>All Roads Lead to Rome: The Origins of Italian Cuisine</h2><p>Italian food can be traced to ancient Rome, where the cuisine was a far cry from what we associate with Italian food today. They used copious amounts of fish sauce as well as cumin and coriander, but very little garlic and basil. They also&nbsp;<a href=\"https://www.theguardian.com/world/2022/may/15/caesars-favourite-herb-was-the-viagra-of-ancient-rome-until-climate-change-killed-it-off#:~:text=Romans%20loved%20the%20herb%20as%20much%20as%20we%20love%20chocolate.\" rel=\"noopener noreferrer\" target=\"_blank\" style=\"color: rgb(187, 17, 51); background-color: initial;\">consumed so much silphium</a>, an extract of a giant fennel plant, that they helped&nbsp;<a href=\"https://www.worldhistory.org/Silphium/#google_vignette:~:text=Silphium%20was%20driven%20to%20extinction%20by%20overharvesting%20and%20overgrazing\" rel=\"noopener noreferrer\" target=\"_blank\" style=\"color: rgb(187, 17, 51); background-color: initial;\">drive it to extinction</a>.</p><p>Trade routes with Arabs, established&nbsp;<a href=\"https://www.metmuseum.org/toah/hd/silk/hd_silk.htm#:~:text=great%20expansion%20of%20international%20trade\" rel=\"noopener noreferrer\" target=\"_blank\" style=\"color: rgb(187, 17, 51); background-color: initial;\">around the first century BC</a>, brought citrus and spices. The Romans also revered peppers so much that the earliest known cookbook, Apicius, with recipes by Roman Marcus Gavius Apicius,&nbsp;<a href=\"https://www.worldhistory.org/article/1761/the-eastern-trade-network-of-ancient-rome/#:~:text=pepper%20is%20included%20in%20349%20of%20469%20recipes\" rel=\"noopener noreferrer\" target=\"_blank\" style=\"color: rgb(187, 17, 51); background-color: initial;\">includes pepper in 349 of its 469 recipes</a>. Those recipes also include a lot of&nbsp;<a href=\"https://www.britannica.com/biography/Marcus-Gavius-Apicius#:~:text=a%20sauce%20made%20with%20garum%2C%20a%20fermented%20fish%20sauce\" rel=\"noopener noreferrer\" target=\"_blank\" style=\"color: rgb(187, 17, 51); background-color: initial;\">garum, or fermented fish sauce</a>, as well as laser, extracted from silphium.</p><p>“Those rich sauces and accompanying spices were typical of the sophisticated and elaborate cuisine of the Roman empire, which bears little resemblance to 21st-century Italian food,” according to&nbsp;<a href=\"https://www.britannica.com/biography/Marcus-Gavius-Apicius#:~:text=bears%20little%20resemblance%20to%2021st%2Dcentury%20Italian%20food.\" rel=\"noopener noreferrer\" target=\"_blank\" style=\"color: rgb(187, 17, 51); background-color: initial;\">Britannica</a>.</p><p>After the fall of the Roman Empire in 476 CE, the Middle Ages featured a medieval European cuisine that was largely homogeneous, with a flavor profile that was closer to what we think of as Thai or Indian food today.</p><p>“Medieval European cuisine as a whole seems to have had little regional variability— the Italian cookbooks of the era contain recipes that are virtually indistinguishable from those of France, England, and other European countries,”&nbsp;<a href=\"https://www.britannica.com/topic/cooking/Pre-Columbian-civilizations#:~:text=Medieval%20European%20cuisine%20as%20a%20whole\" rel=\"noopener noreferrer\" target=\"_blank\" style=\"color: rgb(187, 17, 51); background-color: initial;\">according to Britannica</a>.</p><p>The Middle Ages lasted about 1,000 years by which time, regional influences had started to emerge. In the 15th Century, when Europeans discovered the Americas and the Caribbean, or the “New World,”&nbsp;<a href=\"https://danteuniversity.org/the-history-of-italian-cuisine/#:~:text=discovery%20of%20the%20New%20World%20in%20the%2015th%20century%20had%20a%20profound%20impact%20on%20Italian%20cuisine\" rel=\"noopener noreferrer\" target=\"_blank\" style=\"color: rgb(187, 17, 51); background-color: initial;\">Italian cuisine began to change dramatically</a>&nbsp;with the introduction of tomatoes, potatoes, bell peppers, corn, and cocoa. Surprisingly, Italians took a while to embrace tomatoes, which became more commonplace in Italian cuisine in the late 17th century.</p><p><br></p><p><br></p><p><br></p>', 'PUBLISHED', NULL, '2026-05-06 07:55:52', 'uploads/covers/d7e7b7c7-95e7-4cb3-99f3-44ac5dfb9159.webp', '2026-05-06 07:26:34', '2026-05-06 07:55:52', '2026-05-06 07:55:52'),
(3, 1, 12, '7 Best Canadian Road', '<p>In every province and territory in&nbsp;<a href=\"https://www.lonelyplanet.com/destinations/canada\" rel=\"noopener noreferrer\" target=\"_blank\" style=\"color: oklch(0.44 0.1928 261.11);\">Canada</a>, magnificent journeys by car await. On a road trip in this&nbsp;<a href=\"https://www.lonelyplanet.com/articles/best-places-to-visit-in-canada\" rel=\"noopener noreferrer\" target=\"_blank\" style=\"color: oklch(0.44 0.1928 261.11);\">continent-size country</a>, you might stumble upon massive glaciers, foraging fauna, stormy coastlines and the raw, uncompromising wilderness this place specializes in.</p><p>Canadian roads are generally wide and well-maintained, with scrupulously polite drivers. With the huge distances involved, you can often go a long way without seeing a gas station or having options for decent food, especially in the north. Be sure to stock up on supplies when you can, and have emergency gear in your trunk.</p><p>Now that you’re fully briefed, get inspired by our list of the seven best road trips in Canada.</p><p><span style=\"background-color: oklch(0.96 0 0);\"><img src=\"https://d2vbr83hnyiux1.cloudfront.net/image/975050285728/image_35cuil26ht7kd0do8hcghl4f7h/-FWEBP\" alt=\"An RV drives along a highway beside a turquoise alpine lake overlooked by snowy peaks.\"></span>Hwy 99 near Green Lake in Whistler. stockstudioX/Getty Images</p><p><br></p><p><br></p><p><br></p><p><br></p><p><br></p><h3>1. Sea to Sky Highway, British Columbia</h3><p><strong>Best road trip for families</strong></p><p><strong>Start/finish:&nbsp;</strong>Vancouver/Whistler</p><p><strong>Approximate distance:&nbsp;</strong>121km (75 miles)</p><p>From the deluxe, hill-hugging homes of&nbsp;<a href=\"https://www.lonelyplanet.com/points-of-interest/west-vancouver-seawall/1160745\" rel=\"noopener noreferrer\" target=\"_blank\" style=\"color: oklch(0.44 0.1928 261.11);\">West Vancouver</a>&nbsp;to the neo-Alpine ski village of&nbsp;<a href=\"https://www.lonelyplanet.com/destinations/canada/british-columbia/whistler\" rel=\"noopener noreferrer\" target=\"_blank\" style=\"color: oklch(0.44 0.1928 261.11);\">Whistler</a>, the Sea to Sky Highway delivers along every kilometer. Comprising the most spectacular section of Hwy 99, which runs for 377km (234 miles) from the US border to Cache Creek in&nbsp;<a href=\"https://www.lonelyplanet.com/destinations/canada/british-columbia\" rel=\"noopener noreferrer\" target=\"_blank\" style=\"color: oklch(0.44 0.1928 261.11);\">British Columbia</a>, the drive traverses the steep-sided slopes of Howe Sound before contouring north through the Coast Mountains to Whistler.</p><p>If you can take your eyes off the collage of peaks, forests and fjords, this winding thoroughfare has many worthy stops, especially if you’re up for&nbsp;<a href=\"https://www.lonelyplanet.com/articles/best-hiking-trails-in-canada\" rel=\"noopener noreferrer\" target=\"_blank\" style=\"color: oklch(0.44 0.1928 261.11);\">hiking</a>, climbing or mining history.&nbsp;<a href=\"https://www.lonelyplanet.com/points-of-interest/horseshoe-bay/394031\" rel=\"noopener noreferrer\" target=\"_blank\" style=\"color: oklch(0.44 0.1928 261.11);\">Horseshoe Bay</a>&nbsp;is the city’s main ferry terminal and the starting point for a tough, rocky hike up to Eagle Bluffs that ends with sweeping views over Vancouver.</p><p>Further north, Britannia Beach is a one-time company town whose former mining facility – now a&nbsp;<a href=\"https://www.lonelyplanet.com/points-of-interest/britannia-mine-museum/1161104\" rel=\"noopener noreferrer\" target=\"_blank\" style=\"color: oklch(0.44 0.1928 261.11);\">museum</a>&nbsp;and national historic site – concertinas down a steep hill. The small but growing town of Squamish is an obligatory stop for refueling (get gas at the local Shell station and coffee at the funky&nbsp;<a href=\"https://zephyrcafe.ca/\" rel=\"noopener noreferrer\" target=\"_blank\" style=\"color: oklch(0.44 0.1928 261.11);\">Zephyr Cafe</a>) and a ride on the finest&nbsp;<a href=\"https://www.lonelyplanet.com/points-of-interest/sea-to-sky-gondola/1539016\" rel=\"noopener noreferrer\" target=\"_blank\" style=\"color: oklch(0.44 0.1928 261.11);\">gondola</a>&nbsp;in BC.</p><p><strong>Planning tip:</strong>&nbsp;Locals fondly recommend an extended stop at Function Junction a few kilometers south of Whistler. Hike through the forest to a 1950s train wreck that has been turned into an inspirational art project and buy lunch at peerless&nbsp;<a href=\"https://www.purebread.ca/\" rel=\"noopener noreferrer\" target=\"_blank\" style=\"color: oklch(0.44 0.1928 261.11);\">Purebread</a>, possibly the finest purveyor of baked goods this side of Paris.</p><p><span style=\"background-color: oklch(0.96 0 0);\"><img src=\"https://d2vbr83hnyiux1.cloudfront.net/image/975050285728/image_kr8jeqrqh922f1lbrer46gel59/-FWEBP\" alt=\"People are seen on a translucent platform hanging over a mountain valley with snowy peaks in the distance.\"></span>The Columbia Icefield Skywalk lies just off Alberta’s Icefields Parkway. Chantal de Bruijne/Shutterstock</p><p><br></p><p><br></p><p><br></p><p><br></p><p><br></p><h3>2. Icefields Parkway, Alberta</h3><p><strong>Best road trip for mountains and glaciers</strong></p><p><strong>Start/finish:&nbsp;</strong>Lake Louise/Jasper</p><p><strong>Approximate distance:&nbsp;</strong>230km (143 miles)</p><p>The&nbsp;<a href=\"https://www.lonelyplanet.com/points-of-interest/icefields-parkway/1481695\" rel=\"noopener noreferrer\" target=\"_blank\" style=\"color: oklch(0.44 0.1928 261.11);\">Icefields Parkway</a>&nbsp;(Promenade des Glaciers) is the crème de la crème of&nbsp;<a href=\"https://www.lonelyplanet.com/articles/where-locals-go-under-the-radar-destinations-canada\" rel=\"noopener noreferrer\" target=\"_blank\" style=\"color: oklch(0.44 0.1928 261.11);\">Canadian</a>&nbsp;drives. This 230km (143-mile) trip links the nation’s two most emblematic national parks,&nbsp;<a href=\"https://www.lonelyplanet.com/destinations/canada/alberta/banff-and-jasper-national-parks\" rel=\"noopener noreferrer\" target=\"_blank\" style=\"color: oklch(0.44 0.1928 261.11);\">Banff and Jasper</a>, delivering staggering beauty throughout.</p><p>Starting near the robin-egg-blue waters of&nbsp;<a href=\"https://www.lonelyplanet.com/destinations/canada/alberta/lake-louise\" rel=\"noopener noreferrer\" target=\"_blank\" style=\"color: oklch(0.44 0.1928 261.11);\">Lake Louise</a>, home to the elegant&nbsp;<a href=\"https://www.fairmont.com/en/hotels/lake-louise/fairmont-chateau-lake-louise.html\" rel=\"noopener noreferrer\" target=\"_blank\" style=\"color: oklch(0.44 0.1928 261.11);\">Fairmont Chateau Lake Louise</a>&nbsp;hotel, the route heads north through some of the most elemental scenery on the planet. Giant mountains, craning trees and powerful waterfalls are mere supporting acts to the gargantuan glaciers and abundant wildlife, which gets even more copious as you approach Jasper.</p><p>Along the route, a litany of potential stops offer access to superb viewpoints and short interpretive hikes. Headliners include cerulean&nbsp;<a href=\"https://www.lonelyplanet.com/points-of-interest/peyto-lake/1364197\" rel=\"noopener noreferrer\" target=\"_blank\" style=\"color: oklch(0.44 0.1928 261.11);\">Peyto Lake</a>, Jasper’s “hanging”&nbsp;<a href=\"https://www.lonelyplanet.com/points-of-interest/columbia-icefield-skywalk/1519980\" rel=\"noopener noreferrer\" target=\"_blank\" style=\"color: oklch(0.44 0.1928 261.11);\">Skywalk</a>&nbsp;and the&nbsp;<a href=\"https://www.lonelyplanet.com/points-of-interest/athabasca-glacier/1364567\" rel=\"noopener noreferrer\" target=\"_blank\" style=\"color: oklch(0.44 0.1928 261.11);\">Athabasca Glacier</a>, a frozen tributary of the colossal Columbia Icefield.</p><p><strong>Planning tip:</strong>&nbsp;Thundering&nbsp;<a href=\"https://www.lonelyplanet.com/points-of-interest/athabasca-falls/1451514\" rel=\"noopener noreferrer\" target=\"_blank\" style=\"color: oklch(0.44 0.1928 261.11);\">Athabasca Falls</a>&nbsp;is at its deafening best during the spring snow-melt.</p><p><span style=\"background-color: oklch(0.96 0 0);\"><img src=\"https://d2vbr83hnyiux1.cloudfront.net/image/975050285728/image_aaof36aich1cf6j5v2qvuggb21/-FWEBP\" alt=\"A huge iceberg floats by an island.\"></span>The Viking Trail ends in St Anthony, Newfoundland. Murphy_Shewchuk/Getty Images</p><p><br></p><p><br></p><p><br></p><p><br></p><p><br></p><h3>3. Viking Trail, Newfoundland</h3><p><strong>Best road trip for archaeology</strong></p><p><strong>Start/finish:&nbsp;</strong>Deer Lake/St Anthony</p><p><strong>Approximate distance:&nbsp;</strong>434km (270 miles)</p><p>Ancient Indigenous burial grounds. Thousand-year-old Viking remains. Monumental icebergs, breaching whales and an almost supernatural national park whose trippy tablelands are a textbook guide to plate tectonics. Welcome to&nbsp;<a href=\"https://www.lonelyplanet.com/destinations/canada/newfoundland-labrador\" rel=\"noopener noreferrer\" target=\"_blank\" style=\"color: oklch(0.44 0.1928 261.11);\">Newfoundland</a>’s epic Rte 430, which links a patchwork of fog-cloaked coves, snow-capped mountains and stormy fjords.</p><p>Starting inauspiciously in the town of Deer Lake, the route plunges into&nbsp;<a href=\"https://parks.canada.ca/pn-np/nl/grosmorne\" rel=\"noopener noreferrer\" target=\"_blank\" style=\"color: oklch(0.44 0.1928 261.11);\">Gros Morne National Park</a>. Its waterside hub, Rocky Harbour, is a nexus for trails and boat trips and has a fun&nbsp;<a href=\"https://www.lonelyplanet.com/points-of-interest/gros-morne-wildlife-museum/1628928\" rel=\"noopener noreferrer\" target=\"_blank\" style=\"color: oklch(0.44 0.1928 261.11);\">wildlife museum</a>.</p><p>Further north lie two important archaeological sites.&nbsp;<a href=\"https://www.lonelyplanet.com/points-of-interest/port-au-choix-national-historic-site/1362757\" rel=\"noopener noreferrer\" target=\"_blank\" style=\"color: oklch(0.44 0.1928 261.11);\">Port au Choix</a>&nbsp;is a national historic site dedicated to the 5500-year-old burial grounds of three different Indigenous groups.&nbsp;<a href=\"https://www.lonelyplanet.com/points-of-interest/lanse-aux-meadows-national-historic-site/1362763\" rel=\"noopener noreferrer\" target=\"_blank\" style=\"color: oklch(0.44 0.1928 261.11);\">L’Anse aux Meadows</a>, meanwhile, is where Leif Erikson and his Viking buddies arrived approximately 1000 years ago – the first known European settlers in the Americas.</p><p><strong>Planning tip:&nbsp;</strong>The trail ends at St Anthony, a small fishing village with a rough-hewn charm that makes a perfect stop for whale- and iceberg-watching.</p><p><span style=\"background-color: oklch(0.96 0 0);\"><img src=\"https://d2vbr83hnyiux1.cloudfront.net/image/975050285728/image_bsfa5qspvp7tpf6daetslcui7l/-FWEBP\" alt=\"A truck drives along a highway through a forest, with a large rainbow pictured in the distance.\"></span>Along the Klondike Hwy, Yukon, Canada. Pi-Lens/Shutterstock</p><p><br></p><p><br></p><p><br></p><p><br></p><p><br></p><h3>4. Klondike Highway, Yukon</h3><p><strong>Best road trip for wilderness</strong></p><p><strong>Start/finish:&nbsp;</strong>Skagway/Dawson City</p><p><strong>Approximate distance:&nbsp;</strong>708km (440 miles)</p><p>Following the same basic route as the 19th-century’s greatest gold rush, this paved highway starts in Skagway,&nbsp;<a href=\"https://www.lonelyplanet.com/destinations/usa/alaska\" rel=\"noopener noreferrer\" target=\"_blank\" style=\"color: oklch(0.44 0.1928 261.11);\">Alaska</a>, crosses the Canadian border near the tiny town of Fraser, then passes through&nbsp;<a href=\"https://www.lonelyplanet.com/points-of-interest/carcross-desert/1625113\" rel=\"noopener noreferrer\" target=\"_blank\" style=\"color: oklch(0.44 0.1928 261.11);\">Carcross</a>&nbsp;(home to the world’s smallest desert) en route to&nbsp;<a href=\"https://www.lonelyplanet.com/destinations/canada/yukon-territory/whitehorse\" rel=\"noopener noreferrer\" target=\"_blank\" style=\"color: oklch(0.44 0.1928 261.11);\">Whitehorse</a>. In the capital, you can wise up on territorial history and the nuances of the Gold Rush at the town’s&nbsp;<a href=\"https://www.lonelyplanet.com/points-of-interest/macbride-museum-of-yukon-history/1073255\" rel=\"noopener noreferrer\" target=\"_blank\" style=\"color: oklch(0.44 0.1928 261.11);\">McBride Museum</a>.</p><p>Head north of Whitehorse for sheer, unadulterated wilderness. Be sure to stop at the&nbsp;<a href=\"https://braeburnlodgeyukon.wixsite.com/braeburnlodge\" rel=\"noopener noreferrer\" target=\"_blank\" style=\"color: oklch(0.44 0.1928 261.11);\">Braeburn Lodge</a>, a rustic roadhouse known for its sweet, soccer-ball-sized cinnamon buns and appealingly brusque backcountry service. Blink and you’ll miss the self-sufficient communities of Carmacks, Pelly Crossing and Stewart Crossing. Plan for a longer stop at Five Finger Rapids, where a wooden staircase leads down to a viewing platform over the choppy Yukon River. The rafts of numerous Klondike prospectors have been upended on this rough stretch of water.</p><p>As you approach Dawson City, mine tailings from century-old dredging operations dot the roadside, alongside gravel piles and small ponds. The town is an understated beauty, filled with authentic gold rush history and the literary ghosts of novelist Jack London and poet Robert Service.</p><p><span style=\"background-color: oklch(0.96 0 0);\"><img src=\"https://d2vbr83hnyiux1.cloudfront.net/image/975050285728/image_09c7j5780h7rv3v65g86p4to7c/-FWEBP\" alt=\"Aerial view of the famous Rocher Percé rock formations from the Mont-Ste-Anne hiking trail, Percé Geopark.\"></span>The Rocher Percé rock formations from the Mont-Ste-Anne hiking trail, Québec. Louie Lea/Shutterstock</p><p><br></p><p><br></p><p><br></p><p><br></p><p><br></p><h3>5. Gaspésie Tour, Québec</h3><p><strong>Best road trip for French-Canadian culture</strong></p><p><strong>Start/finish:&nbsp;</strong>Ste-Flavie/Ste-Flavie</p><p><strong>Approximate distance:&nbsp;</strong>822km (511 miles)</p><p>Towering cliffs, fresh-caught seafood and Québécois sea shanties are all on the itinerary as you circle&nbsp;<a href=\"https://www.lonelyplanet.com/destinations/canada/gaspe-peninsula\" rel=\"noopener noreferrer\" target=\"_blank\" style=\"color: oklch(0.44 0.1928 261.11);\">La Gaspésie</a>, the lofty peninsula contoured by Rte 132 on&nbsp;<a href=\"https://www.lonelyplanet.com/destinations/canada/quebec\" rel=\"noopener noreferrer\" target=\"_blank\" style=\"color: oklch(0.44 0.1928 261.11);\">Québec</a>’s eastern shores. You depart Ste-Flavie, make time to stop near Pointe-à-la-Croix at the&nbsp;<a href=\"https://www.lonelyplanet.com/points-of-interest/battle-of-the-restigouche-national-historic-site/1363685\" rel=\"noopener noreferrer\" target=\"_blank\" style=\"color: oklch(0.44 0.1928 261.11);\">Battle of the Restigouche National Historic Site</a>, where a French-British naval clash in 1760 marked the death knell for French colonial ambitions in Canada.</p><p>The&nbsp;<a href=\"https://www.lonelyplanet.com/points-of-interest/parc-national-de-miguasha/1530187\" rel=\"noopener noreferrer\" target=\"_blank\" style=\"color: oklch(0.44 0.1928 261.11);\">Parc National de Miguasha</a>&nbsp;has the world’s leading cache of ancient fish fossils, with a museum illustrating how prehistoric sea creatures evolved into tetrapods. The crown jewels of the Gaspé Peninsula are&nbsp;<a href=\"https://www.lonelyplanet.com/points-of-interest/rocher-perce/1442635\" rel=\"noopener noreferrer\" target=\"_blank\" style=\"color: oklch(0.44 0.1928 261.11);\">Rocher Percé</a>, a huge offshore limestone rock formation with a seemingly gravity-defying arch; and blustery&nbsp;<a href=\"https://www.lonelyplanet.com/points-of-interest/forillon-national-park/1363611\" rel=\"noopener noreferrer\" target=\"_blank\" style=\"color: oklch(0.44 0.1928 261.11);\">Forillon National Park</a>, where mountains plunge directly into the choppy ocean and rugged cliffs stand sentinel over spouting whales.</p><p><strong>Planning tip:</strong>&nbsp;After rounding the tip of the peninsula, head back along the St Lawrence waterway for a lengthy stop in the&nbsp;<a href=\"https://www.lonelyplanet.com/points-of-interest/parc-national-de-la-gaspesie/1363598\" rel=\"noopener noreferrer\" target=\"_blank\" style=\"color: oklch(0.44 0.1928 261.11);\">Parc National de la Gaspésie</a>. A short drive inland from Ste-Anne-des-Monts, the park is a rough mountainous realm with fine hiking options.</p><p><span style=\"background-color: oklch(0.96 0 0);\"><img src=\"https://d2vbr83hnyiux1.cloudfront.net/image/975050285728/image_6fr8rj45kl42f5uuld2bfsuf53/-FWEBP\" alt=\"A windy road hugs the ocean coast in a rural area. Trees show fall foliage.\"></span>Fall foliage along the Cabot Trail, Nova Scotia, Canada. cworthy/Shutterstock</p><p><br></p><p><br></p><p><br></p><p><br></p><p><br></p><h3>6. Cabot Trail, Nova Scotia</h3><p><strong>Best road trip for coastal scenery</strong></p><p><strong>Start/finish:&nbsp;</strong>St Ann’s Bay/St Ann’s Bay</p><p><strong>Approximate distance:&nbsp;</strong>286km (143 miles)</p><p>One of the main reasons travelers come to&nbsp;<a href=\"https://www.lonelyplanet.com/destinations/canada/nova-scotia\" rel=\"noopener noreferrer\" target=\"_blank\" style=\"color: oklch(0.44 0.1928 261.11);\">Nova Scotia</a>&nbsp;is to drive the&nbsp;<a href=\"https://www.cbisland.com/en/regions/cabot-trail\" rel=\"noopener noreferrer\" target=\"_blank\" style=\"color: oklch(0.44 0.1928 261.11);\">Cabot Trail</a>, the looping, dipping roller-coaster of a road that snakes its way around the northern tip of&nbsp;<a href=\"https://www.lonelyplanet.com/destinations/canada/cape-breton-island\" rel=\"noopener noreferrer\" target=\"_blank\" style=\"color: oklch(0.44 0.1928 261.11);\">Cape Breton Island</a>.</p><p>Offering views of rolling seas and thick forests, and – if you\'re lucky – a moose, an eagle or even a whale, this maritime classic traverses the edge of&nbsp;<a href=\"https://www.lonelyplanet.com/points-of-interest/cape-breton-highlands-national-park/1362438\" rel=\"noopener noreferrer\" target=\"_blank\" style=\"color: oklch(0.44 0.1928 261.11);\">Cape Breton Highlands National Park</a>. The park is home to the province\'s grandest scenery, richest wildlife and&nbsp;<a href=\"https://www.lonelyplanet.com/articles/best-hiking-trails-in-canada\" rel=\"noopener noreferrer\" target=\"_blank\" style=\"color: oklch(0.44 0.1928 261.11);\">best hiking trails</a>.</p><p>Heading counterclockwise on the circular route, you’ll reach&nbsp;<a href=\"https://www.lonelyplanet.com/points-of-interest/ingonish-beach/1448495\" rel=\"noopener noreferrer\" target=\"_blank\" style=\"color: oklch(0.44 0.1928 261.11);\">Ingonish Beach</a>, a long, wide ribbon of sand sheltered in a bay cocooned by gentle hills and Pleasant Bay, Nova Scotia’s premier whale-watching hub. The&nbsp;<a href=\"https://parks.canada.ca/pn-np/ns/cbreton/activ/randonnee-hiking/skyline\" rel=\"noopener noreferrer\" target=\"_blank\" style=\"color: oklch(0.44 0.1928 261.11);\">Skyline Trail</a>, the Cabot’s hiking highlight, meanders through evergreen forests and along windy clifftops to a spectacular ridge.</p><p>Other favorite stops include Cheticamp, Nova Scotia\'s most vibrant and thriving Acadian community; and Baddeck, home to a&nbsp;<a href=\"https://www.lonelyplanet.com/points-of-interest/alexander-graham-bell-national-historic-site/1362507\" rel=\"noopener noreferrer\" target=\"_blank\" style=\"color: oklch(0.44 0.1928 261.11);\">museum</a>&nbsp;dedicated to former resident Alexander Graham Bell, pioneer of the very handy device known as the telephone.</p><p><span style=\"background-color: oklch(0.96 0 0);\"><img src=\"https://d2vbr83hnyiux1.cloudfront.net/image/975050285728/image_r33olv9fg97q54s0tecpjpdk48/-FWEBP\" alt=\"Rocky north shore of Lake Superior at Pukaskwa National Park, Ontario, Canada.\"></span>The north shore of Lake Superior at Pukaskwa National Park in Ontario. Getty Images/All Canada Photos</p><p><br></p><p><br></p><p><br></p><p><br></p><p><br></p><h3>7. Lake Superior Coastline, Ontario</h3><p><strong>Best road trip for lakes</strong></p><p><strong>Start/finish:&nbsp;</strong>Sault Ste Marie/Thunder Bay</p><p><strong>Approximate distance:&nbsp;</strong>700km (435 miles)</p><p>Even Canada’s&nbsp;<a href=\"https://www.lonelyplanet.com/destinations/canada/ontario\" rel=\"noopener noreferrer\" target=\"_blank\" style=\"color: oklch(0.44 0.1928 261.11);\">most populated province</a>&nbsp;can seem utterly remote as you motor along the northern shores of the world’s largest freshwater lake, following a quiet segment of the Trans-Canada Hwy through a necklace of provincial parks.</p><p><a href=\"https://www.lonelyplanet.com/points-of-interest/pancake-bay-provincial-park/1425461\" rel=\"noopener noreferrer\" target=\"_blank\" style=\"color: oklch(0.44 0.1928 261.11);\">Pancake Bay Provincial Park</a>&nbsp;hides one of&nbsp;<a href=\"https://www.lonelyplanet.com/articles/best-beaches-canada\" rel=\"noopener noreferrer\" target=\"_blank\" style=\"color: oklch(0.44 0.1928 261.11);\">Canada’s finest stretches of sugary sand</a>; if you pull up off-season, you might have it all to yourself.&nbsp;<a href=\"https://www.lonelyplanet.com/points-of-interest/lake-superior-provincial-park/1188201\" rel=\"noopener noreferrer\" target=\"_blank\" style=\"color: oklch(0.44 0.1928 261.11);\">Lake Superior Provincial Park</a>&nbsp;protects a more precipitous coastline punctuated with the exposed rock of the Canadian Shield.</p><p>You can seek out Indigenous pictographs in the area, as well as fabulous opportunities for stargazing (the park was designated a&nbsp;<a href=\"https://darksky.org/what-we-do/international-dark-sky-places/all-places/\" rel=\"noopener noreferrer\" target=\"_blank\" style=\"color: oklch(0.44 0.1928 261.11);\">Dark Sky Preserve</a>&nbsp;in 2018). Similar solitude awaits at&nbsp;<a href=\"https://www.lonelyplanet.com/points-of-interest/neys-provincial-park/1187897\" rel=\"noopener noreferrer\" target=\"_blank\" style=\"color: oklch(0.44 0.1928 261.11);\">Rocky Neys Provincial Park</a>, where Lawren Harris of the Group of Seven came to paint amid craggy beaches and roaming caribou.</p><p>Approaching Thunder Bay, you’ll pass the jagged&nbsp;<a href=\"https://www.lonelyplanet.com/points-of-interest/sleeping-giant-provincial-park/1366382\" rel=\"noopener noreferrer\" target=\"_blank\" style=\"color: oklch(0.44 0.1928 261.11);\">Sleeping Giant Peninsula</a>&nbsp;– a series of flat-topped ridges that resemble a large reclining man. The rugged, forested terrain here is characterized by cliffs, hiking trails and plentiful wildlife, including moose, wolf and lynx.</p>', 'PUBLISHED', NULL, '2026-05-16 08:24:59', 'uploads/covers/830c45fb-9d87-4e0e-8f76-caa7828745e9.jpg', '2026-05-06 07:58:42', '2026-05-16 08:24:59', '2026-05-16 08:24:59');
INSERT INTO `articles` (`article_id`, `author_id`, `category_id`, `title`, `content`, `status`, `review_note`, `reviewed_at`, `cover_image`, `created_at`, `updated_at`, `published_at`) VALUES
(4, 1, 6, 'PATAN DURBAR SQUARE', '<p class=\"ql-align-justify\"><strong>Patan Durbar Square</strong>&nbsp;is an architectural and cultural marvel located in the center of the ancient city of Patan, Lalitpur. It is a UNESCO world heritage site home to several ancient temples, stupas, palaces, and other structures dating back to the Malla Dynasty. The square is a living museum of Nepali art and culture, with intricate carvings and paintings adorning the walls and roofs of monuments.</p><p class=\"ql-align-justify\">Patan Durbar Square is a testament to the ingenuity and creativity of the Nepalese people. The square is a veritable open-air museum, with each building displaying a different aspect of Nepali culture, history, and lifestyle. The square is home to several palaces, including the Patan Durbar itself which was the seat of the Malla Kings and is now a museum. Patan Durbar Square attracts visitors from around the world who marvel at the beautiful architecture and learn about the city\'s rich history.</p><p class=\"ql-align-justify\">One of the striking features of&nbsp;<strong>Patan Durbar Square</strong>&nbsp;is the presence of numerous temples and shrines, each with its unique style and history. Krishna Mandir, for example, is a beautiful structure with a golden roof and intricate carvings on its stone walls. It is a popular place for Hindus to offer prayers and seek blessings from Lord Krishna. Patan Durbar also has the Temple of Taleju, dedicated to the guardian deity of the Malla Kings.</p><p class=\"ql-align-justify\">The history of Patan Durbar is closely related to the history of Patan city itself. The city was founded by Emperor Ashoka of India in the 3rd century BCE and was named Lalitpur, literally translating to “city of beauty” in Sanskrit. In the 12th century, the city came under the rule of the Malla Dynasty, which would rule Nepal for the next six centuries. During this time, Patan became an important cultural and artistic center, and many of the buildings in the square were constructed during this period.</p><p class=\"ql-align-justify\">After the earthquakes of 1934 and 2015,&nbsp;<strong>Patan Durbar Square</strong>&nbsp;has gone through numerous changes. The earthquake of 1934 completely obliterated many ancient buildings in the square, including Bhaidega Temple, originally built in 1678. However, the square has been quickly rebuilt and is in the final stages of restoration to its former glory. Due to communal and national efforts, Patan Durbar Square is a thriving cultural and artistic hub. It is a must-visit destination for anyone traveling to Nepal.</p><p class=\"ql-align-justify\">In this article, we will go through everything there is to know about Patan Durbar Square including its history, cultural and religious importance, architectural excellence, and a lot more.</p><p class=\"ql-align-justify\"><br></p><h2 class=\"ql-align-justify\">Patan Durbar Square Facts</h2><p class=\"ql-align-justify\">Monument</p><p class=\"ql-align-justify\">Patan Durbar Square</p><p class=\"ql-align-justify\">City</p><p class=\"ql-align-justify\">Patan</p><p class=\"ql-align-justify\">District</p><p class=\"ql-align-justify\">Lalitpur</p><p class=\"ql-align-justify\">Province</p><p class=\"ql-align-justify\">Bagmati Province</p><p class=\"ql-align-justify\">UNESCO World Heritage Site listed</p><p class=\"ql-align-justify\">1979</p><p class=\"ql-align-justify\">Founded by(the city)</p><ul><li class=\"ql-align-justify\">Patan City: Emperor Ashoka/ Kirat Dynasty(3rd Century BCE)</li><li class=\"ql-align-justify\">Patan Durbar Square: Laxmi Kamadev (11th Century)</li><li class=\"ql-align-justify\">Major Architectural Reforms: Siddhi Narsingh Malla (17th Century)</li></ul><p class=\"ql-align-justify\">Major Attractions</p><ul><li class=\"ql-align-justify\">Patan Museum</li><li class=\"ql-align-justify\">Krishna Temple</li><li class=\"ql-align-justify\">Golden Temple</li><li class=\"ql-align-justify\">Royal Bath</li><li class=\"ql-align-justify\">Sundari Chowk</li><li class=\"ql-align-justify\">Mahabuddha Temples, etc.</li></ul><p class=\"ql-align-justify\">Major Festivities</p><ul><li class=\"ql-align-justify\">Rato Machhindranath Rath Jatra</li><li class=\"ql-align-justify\">Gai Jatra</li><li class=\"ql-align-justify\">Astamarika Dance</li><li class=\"ql-align-justify\">Bhimsen Rath Jatra</li></ul><p class=\"ql-align-justify\">Entry Fees</p><ul><li class=\"ql-align-justify\">Free for Nepalese citizens</li><li class=\"ql-align-justify\">NRs. 150 for SAARC residents</li><li class=\"ql-align-justify\">NRs. 1000 for visitors outside of SAARC countries</li><li class=\"ql-align-justify\">Free for children below 10 years</li></ul><h2 class=\"ql-align-justify\">History of Patan Durbar Square</h2><p class=\"ql-align-justify\">Patan, also known as Lalitpur, was founded by Indian Emperor Ashoka in the 3rd century BCE. In the same era, the Kirat Dynasty made Patan their capital city. It was initially named Lalitpur, translating to “city of beauty” in Sanskrit. Over the years, it has been known by many names such as Upgram, Lallit Patton, Maningla, etc. The history of Patan Durbar Square and the city itself are closely intertwined. It is considered the oldest among the three durbar squares of Kathmandu Valley; Patan, Bhaktapur, and&nbsp;<a href=\"https://www.altitudehimalaya.com/blog/kathmandu-durbar-square\" rel=\"noopener noreferrer\" target=\"_blank\">Kathmandu Durbar Square</a>.</p><p class=\"ql-align-justify\">The Lichhavi Dynasty later conquered the city in the 4th century CE, and the square was expanded and renovated by them. During the Malla Period(1200-1769 CE), Patan became an important cultural and artistic center, and the square was further developed and adorned with numerous temples and shrines. The Malla kings were also responsible for the construction of the famous Krishna Temple, which is located in the square.</p><p class=\"ql-align-justify\"><img src=\"https://cms.altitudehimalaya.com/media/Blog/Travel-Stories/Patan-DS/Patan-Square.png\" alt=\"patan durbar square\"></p><p class=\"ql-align-justify\">The Royal Palace of the Malla Kings was built in the 16th century by King Siddhi Narsingh Malla. It is a three-story building, still standing tall and proud, which was used as a residence of the Malla Kings for over a century. The palace is now used as a museum and is open to the public. The museum teleports you to the past with all the statues, paintings, and designs from that era.</p><p class=\"ql-align-justify\">King Siddhi Narsingh Malla also built the most famous temple of the Patan Durbar Square; the Krishna Mandir. It dates back to the 16th century and is dedicated to the Hindu deity, Krishna. The Krishna Temple is famously known for its 3 tiered structure with 21 Gajuras. The temple has stone-carved depictions of Lord Krishna, his consorts, and Lord Shiva too.</p><p class=\"ql-align-justify\"><img src=\"https://cms.altitudehimalaya.com/media/Blog/Travel-Stories/Patan-DS/Giant-bell-in-Patan-Durbar-Square.png\" alt=\"where is patan durbar square\"></p><h2 class=\"ql-align-justify\">Architecture</h2><p class=\"ql-align-justify\">Patan Durbar Square is rich in ancient shrines and architecture. It includes the Golden Temple, Mahabuddha, Jagannath Temple, Taleju Temple and so much more. The square is also home to many workshops where artisans work on traditional crafts such as metalwork, wood carving, and pottery. These crafts have a long history in Nepal and are an important part of the country’s artistic and cultural heritage.</p><p class=\"ql-align-justify\">Patan Durbar Square is made in ancient Newari architecture with several Shikhara-style and Pagoda-style temples. Newari architecture can be seen around the residential area and in the palace itself. Pagoda-style temples are characterized by their multi-tiered tower-like structures. We can see this style in Kumbeshwor temple, Degutale temple, etc.</p><p class=\"ql-align-justify\"><img src=\"https://cms.altitudehimalaya.com/media/Blog/Travel-Stories/Patan-DS/Garuda-in-front-of-Krishna-Mandir.png\" alt=\"Patan durbar square architecture\"></p><p class=\"ql-align-justify\">The most popular temple of Patan, Krishna temple is built in Shikara style architecture. Brought to Nepal from North India, the Shikhara style is known for its tall, spire(tree/grass) like tower rising above the main sanctum. The top of these temples is usually decorated with a Kalasha, a sacred vessel representing the Meru mountain.</p><p class=\"ql-align-justify\">The combination of these architectural styles in Patan Durbar Square creates a unique and harmonious blend of traditional Hindu and Buddhist elements, making it a must-see destination for architecture enthusiasts and history buffs.</p><p class=\"ql-align-justify\"><br></p><h2 class=\"ql-align-justify\">Patan Durbar Square Attractions</h2><p class=\"ql-align-justify\">Some believe that having been to Kathmandu or Bhaktapur Durbar square, visiting Patan is not worth their time. That could not be further away from the truth. Yes, all of these Durbar Squares share something in common, but they all have their unique specialties. Not visiting them all when you have the chance, you might miss out on some great opportunities to learn about different aspects of the history and culture of Nepal AND those specific places. Let\'s take a look at Patan Durbar Square\'s major eye-catching sites.</p><p class=\"ql-align-justify\"><br></p><h3 class=\"ql-align-justify\">Patan Durbar</h3><p class=\"ql-align-justify\">The Royal Palace, also known as the Patan Durbar, is a beautiful palace complex located in Patan Durbar Square. It is a stunning example of Newari architecture and was built in the late 16th century as the seat of power for the Malla kings who ruled the country at the time. The palace served as the royal throne for over a year up until the Malla kings were thrown out of authority.</p><p class=\"ql-align-justify\">Patan Durbar has several temples and palaces, including theTaleju Mandir, a temple dedicated to the guardian deity of Malla kings. You will be mesmerized by the beautiful architecture and details on the exterior and interior of the Palace alike. The exterior of the palace has detailed delicate carvings and stonework of the heavenly deeds of several deities. All walls have a story to tell.&nbsp;The palace itself is an ode to the extraordinary artists of the city.</p><p class=\"ql-align-justify\">The palace complex is made up of several courtyards, each of which is home to a different temple or resting Chaupaaris. The main palace building is a three-story structure that was once the residence of the Malla kings. The palace is now turned into a museum, which displays a collection of traditional paintings, bronze statues, and weapons.</p><p class=\"ql-align-justify\">Visitors can explore the palace and learn about the history and culture of the city of Patan. Overall, Patan durbar is a beautiful and historic attraction that is well worth visiting for anyone interested in the Nepalese monarchy, culture, and history.</p><p class=\"ql-align-justify\"><br></p><h3 class=\"ql-align-justify\">Patan Museum</h3><p class=\"ql-align-justify\">The Patan Museum is housed in a beautiful building that was once part of the Royal Palace complex. It displays a range of artifacts that give visitors an insight into the life and times of the Malla kings who ruled over the city of Patan. The museum also has a collection of traditional paintings depicting Hindu mythology scenes. At the entrance of the museum, you can get a brochure detailing the sites inside the museum.</p><p class=\"ql-align-justify\">In addition to its collection of artifacts and paintings, Patan Museum also has exhibits that allow visitors to learn about the history and culture of the city in a hands-on way. The exhibits, ranging from A to H consist of a general introduction, royal artifacts, architectural processes and significance, Hindu deities, Buddhist hand gestures, their meanings, and so much more. The exhibits display the development phases of not only Patan but also all of Kathmandu Valley.</p><p class=\"ql-align-justify\"><img src=\"https://cms.altitudehimalaya.com/media/Blog/Travel-Stories/Patan-DS/Patan-Museum.png\" alt=\"Patan museum\"></p><p class=\"ql-align-justify\">The interior of the first floor of Mulchowk has Architecture Galleries, an ongoing extension of the Patan Museum. Historical windows, columns, struts, and other artifacts are displayed in a typological order, accompanied by drawings and written commentary. Once the gallery is completed, it will have a multimedia room showcasing architectural drawings, historic paintings, and their restoration processes.</p><p class=\"ql-align-justify\">The Bhandarkhal water tank, which serves as the centerpiece of the garden behind the palace, was constructed in 1647 to serve as the major water storage facility for the durbar. A meditation pavilion, a tiered terrace, two stone lions, a carved stone spout, and relief sculptures from the 17th century are all the tank\'s construction features. The tank is linked to Patan\'s ancient water systems, which use clay tubes to transport groundwater from neighboring sources. Up until a significant renovation in 2012, the tank had dried up and was in ruins.</p><p class=\"ql-align-justify\">If you are looking to have a laid-back look at the history of the whole valley in a single place, Patan museum is the place for you. We recommend you visit on a weekday during office hours to avoid crowds and hence have a thorough look at all of the museum components. Do keep in mind that videos are prohibited inside the museum. Make sure to separate a couple of hours for the museum only and have a fun trip!</p><p class=\"ql-align-justify\"><br></p><h3 class=\"ql-align-justify\">Golden Temple</h3><p class=\"ql-align-justify\">The Golden Temple in Patan Durbar Square, also known as Hiranya Varna Mahavihar, is a Buddhist temple located in Patan, Nepal. It was first founded by King Bhaskara Dev in 1045 and then was built in its current form in 1409. The Golden Temple, locally known as Kwa Bahal, is a three-story temple with golden delicate decorations and is considered the oldest temple in Patan. Inside the temple complex, you will find astonishing craftsmanship all around you. Inside, there is a large courtyard surrounded by smaller shrines of Gautama Buddha. The main shrine contains a tall golden image of the Shakyamuni Buddha, which is the source of the temple’s name. The temple also consists of a library that holds ancient Buddhist texts and scriptures.</p><iframe class=\"ql-video ql-align-justify\" frameborder=\"0\" allowfullscreen=\"true\" src=\"https://www.google.com/maps/embed?pb=!1m18!1m12!1m3!1d1766.6762302799232!2d85.32503600257981!3d27.67549931286971!2m3!1f0!2f0!3f0!3m2!1i1024!2i768!4f13.1!3m3!1m2!1s0x39eb19c5f21e0723%3A0x8fa0e81ccc5d58e!2sHiranya%20Varna%20Mahavihar!5e0!3m2!1sen!2snp!4v1673969014654!5m2!1sen!2snp\" height=\"450\" width=\"600\"></iframe><p class=\"ql-align-justify\">The entrance is guarded by two large elephant-riding soldiers. While you can photograph around the interior of the courtyard, you are prohibited from taking any pictures or videos inside the shrines unless you have explicit permission. If you are inside the monastery of Hiranya Varna Mahavihar, be sure to keep quiet and not disturb any meditating person. Inside the main courtyard, there are several artifacts unique to the Golden temple. You can have a look at the history of Patan without actually visiting the museum. It is enough to keep any historians happy for a day. Be sure to be mindful of your surroundings and wear no leather items. As the temple is outside Patan Durbar Square, you will have to pay an extra ticket fee of around NRs 50.</p><p class=\"ql-align-justify\"><img src=\"https://cms.altitudehimalaya.com/media/Blog/Travel-Stories/Patan-DS/Golden-Temple-Patan.png\" alt=\"Golden temple patan\"></p><h3 class=\"ql-align-justify\">Mahabuddha</h3><p class=\"ql-align-justify\">The Mahabuddha temple, also known as “The Temple of Thousand Buddhas”, is a beautiful Buddhist temple dedicated to Siddhartha Gautama. The temple was allegedly built between the late 16th century to the early 17th century, initiated by priest Abhaya Raj of Patan and continued by his five sons. Abhaya Raj took inspiration for this temple during his visit to the Mahabodhi Temple in Bodhgaya, India. The temple had to be completely reconstructed after the 1934 earthquake without a proper blueprint of its previous architecture. That led to the loss of its original design except for the terracotta bricks with Buddha imprints. The Mahabuddha temple again suffered some small damages in the 2015 earthquake.</p><p class=\"ql-align-justify\">All the terracotta bricks used in the construction of Mahabuddha have images of Buddha imprinted on them, hence inspiring the name “the temple of a thousand Buddhas”. This Shikhara-style temple is in the southwest of Patan, crammed in among the residential communities. It has five stupa-shaped golden zeniths, each symbolic of five basic elements. Currently, the Mahabuddha temple is covered in scaffoldings, still recovering from the 2015 earthquake. Even though it still stands tall and proud with minor damages, the renovation hasn’t been completed as of now. You can still have a look at the exterior tiles and admire this architectural marvel. The ticket is covered by the ticket to the nearby Uku Bahal, which amounts to NRs 50.</p><p class=\"ql-align-justify\"><br></p><h3 class=\"ql-align-justify\">Krishna Temple</h3><p class=\"ql-align-justify\">The Krishna Temple is one of Nepal\'s most famous and beautiful temples located inside the Patan Durbar Square. Dedicated to the Hindu god Krishna and Shiva, it is an important site for Hindu pilgrims. Its construction started in the late 16th century and was initiated by King Siddhi Narsingh Malla (completed at around 1637 CE), allegedly after he saw a dream of Radha and Krishna standing on that spot.</p><p class=\"ql-align-justify\">Located in front of the Patan Durbar, Krishna Mandir displays the astounding craftsmanship and artistic excellence of the Malla era. In Nepal, temples are usually dedicated to a single deity with smaller shrines for other deities. But, the Krishna Temple has two idols, Krishna and Shiva, with equal importance. The first tier of this three-tiered temple is dedicated to lord Krishna, the second floor to lord Shiva, and the third floor to lord Avalokiteshwora. (Lokeshwora)</p><p class=\"ql-align-justify\"><img src=\"https://cms.altitudehimalaya.com/media/Blog/Travel-Stories/Patan-DS/Krishna-temple.png\" alt=\"Krishna temple\"></p><p class=\"ql-align-justify\">Non-Hindus are not allowed inside to view the statue of lord Krishna. However, you can still enjoy the outer decorations and architecture of the temple, often listening to the temple musicians playing upstairs. In the column in front of the Krishna Temple, you can see a statue of Garuda, a man-bird and Vishnu’s mount, kneeling towards the temple entrance.</p><p class=\"ql-align-justify\">The beams of the first and second floors of Krishna temple display delicate carvings demonstrating the events of Maha Bharata and Ramayana in Newari scriptures respectively. The rest of the temple floors are covered in ornate decorations with 21 gajura spread out in all directions and Shikhar-style architecture. The inner walls are equally extravagant and covered in beautiful paintings and stone carvings. Krishna Temple suffered substantial structural damage from the earthquake of 2015, specifically in its upper levels. However, it was quickly restored and reopened to the public in 2018.</p><p class=\"ql-align-justify\"><br></p><h3 class=\"ql-align-justify\">Kumbeshwar Temple</h3><p class=\"ql-align-justify\">Often overshadowed by the nearby Golden temple, Kumbheshwor temple is one of the only two five-story temples in Nepal, the other one being Nyatapola temple in Bhaktapur. It was built in the 14th century by King Jayasthiti Malla making it one of the oldest in the vicinity. Even though it is not so well-known to tourists, several people, locals and pilgrims alike, visit this temple every day to worship lord Shiva and do their daily rituals.</p><p class=\"ql-align-justify\"><img src=\"https://cms.altitudehimalaya.com/media/Blog/Travel-Stories/Patan-DS/Kumbheswor-Temple-Patan.png\" alt=\"Kumbeshwor Temple\"></p><p class=\"ql-align-justify\">The temple complex has several features worth looking out for. The two-hitis (water basins) supposedly have Himalayan water flowing in them, the same as that of the holy Gosaikunda Lake. People who cannot visit Gosaikunda due to various reasons go to the Kumbeshwari temple to take a holy bath in one of the two Hitis. The smaller Hiti is considered the more holy of the two. How much of this is true is up for debate.</p><p class=\"ql-align-justify\">There is also a fire sacrifice area. The temple itself is splendidly architectured and holds numerous rituals every day. There may be some rituals you don’t like, but you must be respectful of the local culture and traditions. In front of the main temple, you can see Nandi, Shiva’s mount, kneeling from the temple. Inside the temple complex, there are other two smaller temples of Bagalamukhi and Ulmanta Bhairab. The main Kumbeshwar temple started leaning after the earthquake of 2015. Some minor renovations were done in 2017 and all the compound area was repainted. If you want to experience the local day-to-day culture,&nbsp;Kumbheshwor temple is the place for you.</p><p class=\"ql-align-justify\"><br></p><h3 class=\"ql-align-justify\">The Three Courtyards</h3><p class=\"ql-align-justify\">Inside the Patan Durbar complex, there are three courtyards namely, Keshav Narayan Chowk, Mulchowk, and Sundari Chowk. These complexes include impressive shrines and historical places with intricate carvings and designs. Keshav Narayan Chowk is the oldest of the three royal courtyards, believed to have been built on the platform of an old Buddhist monastery. It is located right in front of the Patan Museum entrance. Mul chowk, translating to “main courtyard”, is the heart of Patan Durbar and the hub of its ritual activities. It is the largest of the three courtyards of Patan and is larger than the Mul chowks of Kathmandu and Bhaktapur. The courtyard features historic tile paving from the 17th century.&nbsp;Mulchowk houses the Golden Doorway, the entrance to the Taleju Shrine. The doorway is a fine example of the metallurgical arts of Patan.</p><p class=\"ql-align-justify\"><img src=\"https://cms.altitudehimalaya.com/media/Blog/Travel-Stories/Patan-DS/Royal-Courtyard-Patan.png\" alt=\"Patan Courtyard\"></p><p class=\"ql-align-justify\">The ensemble consists of three main components made up of copper: a door, an ornate torana(tympanum), and two life-sized sculptures of Ganga and Yamuna, goddesses representing the two most sacred rivers of Hinduism. Yantaju shrine, dedicated to goddess Yantamode, an Ishta Devta (personal deity) of Malla kings, accompanies the Taleju temple in Mulchowk. Sundari chowk, the smallest and the prettiest of the three royal courtyards, is located on the southern edge of the palace. The entrance to Sundari chowk is guarded by statues of three Hindu deities, Ganesha, Hanuman, and Narsimha. The Tusha Hiti step-well is in the center of Sundari Chowk and is furnished with a bronze spout supporting an image of Laxmi-Narayan on Garuda.</p><p class=\"ql-align-justify\">The oval-shaped, Tusha Hiti step-well also known as the Royal Bath was commissioned in 1647 by King Siddhinarsimha Malla. Its walls are divided into registers (Khwopa) each fitted with a tantric divinity carved in stone or bronze. A miniature replica of the Krishna Mandir sits on its axis with a protective serpent encircling the periphery. All of the royal courtyards faced substantial damage in the 2015 earthquake. They went through painstaking reconstruction and restoration. After complete restoration and upgrades, the royal courtyards reopened to the public in 2018.</p><p class=\"ql-align-justify\"><br></p><h3 class=\"ql-align-justify\">Bagalamukhi</h3><p class=\"ql-align-justify\">Located inside the Kumbheshwor temple complex, opposite to the main Kumbheshwor temple, the Bagalamukhi temple is dedicated to goddess Parvati, consort of Lord Shiva. Bagalamukhi attracts devotees all year round, as Parvati is associated with Shakti, the female form of power. It is believed that her homage strengthens one against enemies. The temple is especially crowded on Thursdays and Saturdays as it is considered the day of Bhagwati. According to the legends, a demon named Bagala tortured and threatened the lives of people. Those people then turned to goddess Parvati and worshiped her to come to their rescue. Pleased by the prayers, she killed the demon and rescued the people. Hence, the people built the temple in tribute to the goddess and she was named Bagalamukhi.</p><iframe class=\"ql-video ql-align-justify\" frameborder=\"0\" allowfullscreen=\"true\" src=\"https://www.google.com/maps/embed?pb=!1m18!1m12!1m3!1d2444.770642783765!2d85.32605416598155!3d27.675669220963755!2m3!1f0!2f0!3f0!3m2!1i1024!2i768!4f13.1!3m3!1m2!1s0x39eb18683dfad381%3A0x88e9d5a651e87ae3!2sShree%20Banglamukhi%20Temple!5e0!3m2!1sen!2snp!4v1673968906356!5m2!1sen!2snp\" height=\"450\" width=\"600\"></iframe><p class=\"ql-align-justify\">Although the main temple of the goddess is small, the temple premises are very wide and open. It is one of the most popular Hindu temples in Kathmandu and is visited by hundreds of devotees every Thursday to keep evils away and to succeed in their professional and personal lives.</p><p class=\"ql-align-justify\"><img src=\"https://cms.altitudehimalaya.com/media/Blog/Travel-Stories/Patan-DS/Kumbheswor-Temple.png\" alt=\"Bagalamukhi Temple\"></p><h2 class=\"ql-align-justify\">Where is Patan Durbar Square and how to reach there?</h2><p class=\"ql-align-justify\">Patan Durbar Square is located in the heart of Patan city in Lalitpur, Nepal. It is situated just south of the capital city, Kathmandu. You can easily navigate to Patan from different starting points which we have briefly explained below:</p><h4 class=\"ql-align-justify\">From Kathmandu and Bhaktapur</h4><p class=\"ql-align-justify\">The easiest way to get to Patan Durbar Square from any part of the valley is to take a taxi or ride a public bus from your starting point to Lalitpur. A taxi will drop you right at one of the entrances of the square while you will have to walk a little if you choose to ride a public bus. The bus will drop you at either Pulchowk, Jawalakhel, or Lagankhel.</p><p class=\"ql-align-justify\">It is a straight 10-20 minute walk from either of those points, walking through the alleyways lined with souvenir shops and other stores. The time you’ll take to reach there will vary according to the traffic conditions but usually takes only about 40 minutes from Kathmandu to reach one of the stops on a public bus.</p><p class=\"ql-align-justify\">It is recommended to check the traffic conditions before planning the trip as traffic in Kathmandu can be unpredictable. Also, it\'s always good to have a map or guide with you to reach the destination.</p><p class=\"ql-align-justify\"><strong>Note:</strong>&nbsp;Riding a bike to Patan Durbar Square is another more fun and economic option for you to reach there. Patan, unlike other cities of Nepal, has a separate lane for bicycles making it safer for the riders. You can easily find bicycle rental shops all around the city.</p><p class=\"ql-align-justify\"><br></p><h2 class=\"ql-align-justify\">Festivals at Patan Durbar Square</h2><p class=\"ql-align-justify\">As rich as Patan Durbar Square is in its fine arts and architectural heritage, it is equally rich in cultures and festivals. Patan celebrates a Jatra or a festival almost every month, sometimes multiple celebrations a month, all year round. It is to no one’s surprise considering how much the Newar community loves their festivals and Bhoj. The major festivals celebrated in Patan include:</p><p class=\"ql-align-justify\">S.N.</p><p class=\"ql-align-justify\">Festival Name</p><p class=\"ql-align-justify\">1.&nbsp;</p><p class=\"ql-align-justify\">Rato Machhindranath Jatra/Bhoto Jatra</p><p class=\"ql-align-justify\">2.</p><p class=\"ql-align-justify\">Gai Jatra</p><p class=\"ql-align-justify\">3.</p><p class=\"ql-align-justify\">Bhimsena Jatra</p><p class=\"ql-align-justify\">4.</p><p class=\"ql-align-justify\">Astamatrika Dance</p><p class=\"ql-align-justify\">5.</p><p class=\"ql-align-justify\">Krishna Janmastami</p><p class=\"ql-align-justify\">6.</p><p class=\"ql-align-justify\">Mataya Festival</p><p class=\"ql-align-justify\">7.</p><p class=\"ql-align-justify\">Samyak Mahadan (Every 5 years)</p><p class=\"ql-align-justify\">&nbsp;</p><p class=\"ql-align-justify\">Here, we will discuss the first three festivals in this list known to represent Patan.</p><p class=\"ql-align-justify\"><br></p><h3 class=\"ql-align-justify\">Rato Machhindranath Jatra</h3><p class=\"ql-align-justify\">The Rato Machhindranath Jatra, also known as the Bunga Dyah Jatra, is one of Patan\'s most important religious celebrations and the country\'s longest chariot festival. It is celebrated alongside Bhoto Jatra dedicated to the Serpent God. The god Rato Machhindranath is said to be brought from Assam to Kathmandu during a period of severe drought in the valley. The deity then granted rain in the valley and has been revered as the god of rain ever since.</p><p class=\"ql-align-justify\">The festival begins with the construction of a chariot for Rato Machhindranath. The chariot is made of wood, using centuries-old designs, and decorated with colorful paintings and depictions. The idol of Rato Machhindranath is placed inside the man-made chariot and pulled to different Patan localities. The chariot is pulled through the streets of Patan by devotees, accompanied by music and dancing.</p><p class=\"ql-align-justify\">Throughout the festival, devotees make offerings of food and flowers to Rato Machhindranath and other deities associated with the festival, such as Bhairav and Taleju. In addition to the religious rituals, the festival also includes cultural events such as traditional music and dance performances. You will also see several food and market stalls selling traditional handicrafts and souvenirs.</p><p class=\"ql-align-justify\">At last, the chariot is brought to Kumari Ghar where the Kumari of Patan will worship the chariot and the idol of Rato Machhindranath before departing it for the temple. After the chariot reaches the temple, the festival concludes with a final ceremony, where the god\'s statue is taken inside the temple for the year, and the chariot is dismantled for next year\'s festival.</p><p class=\"ql-align-justify\">Overall, the Rato Machhindranath Jatra is a colorful festival combining religious devotion with cultural celebration and community. It is a time for people to gather and celebrate their shared culture and heritage, and seek blessings from Rato Machhindranath, the rain deity.</p><p class=\"ql-align-justify\"><br></p><h3 class=\"ql-align-justify\">Gai Jatra</h3><p class=\"ql-align-justify\"><a href=\"https://www.altitudehimalaya.com/blog/gai-jatra-festival-in-nepal\" rel=\"noopener noreferrer\" target=\"_blank\">Gaijatra</a>&nbsp;is a vibrant and lively festival celebrated by the Newar community in Nepal, primarily in the Kathmandu Valley. The festival, held annually in the month of Bhadra (August-September), marks the end of the monsoon season and has its roots in the Malla dynasty. King Pratap Malla started this celebration to cheer up his wife when she was unconsolable because of their son’s death. It was the only day of the year when commoners could make jokes about the royalty without any punishment.</p><p class=\"ql-align-justify\">At the heart of the celebration is a lively procession of cows (or people dressed as cows and other odd figures) through the streets of Patan, adorned with garlands and paint, and accompanied by a large crowd dressed in traditional Nepali clothing. The parade is led by traditional musicians and followed by a parade of people in various costumes, including clowns (Lakhe), dancers, and actors.</p><p class=\"ql-align-justify\">Gaijatra is a festival of remembrance for the deceased, where families visit temples to offer prayers and make offerings to the dead. It is a time for families to come together and remember loved ones who have passed away. Gaijatra is a community-wide celebration with a strong element of humor and satire, which is believed to help confront death and fear of death.</p><p class=\"ql-align-justify\">In Patan, the Gaijatra celebration is followed by Neku Jatra-Mataya, also known as \"The Festival of Lights\". This festival is celebrated with great enthusiasm, featuring a Newari musical group that visits all temples and courtyards at midnight, leaving rice husks and coins behind. The procession then follows those marks to complete the Jatra over several days. The procession must visit all 1400 private and public votive shrines for the Jatra to officially conclude.</p><p class=\"ql-align-justify\">Gai Jatra has gained popularity as a tourist attraction in recent years, luring travelers from all over the world to watch the vibrant march and take in the distinctive culture of the Newar population of Patan.</p><p class=\"ql-align-justify\"><br></p><h3 class=\"ql-align-justify\">Bhimsen Jatra</h3><p class=\"ql-align-justify\">Bhimsen Jatra is an annual festival celebrated in the city of Patan, Nepal, in honor of Bhimsen, the Hindu god of trade and business, one of the Panch Pandava. The festival is held in the month of Bhadra(August-September) and is a celebration of Patan\'s god and business community.</p><p class=\"ql-align-justify\">One of the major highlights of Bhimsen Jatra is the procession of the idol of Bhimsen through the streets of Patan. The idol is carried on a chariot, accompanied by a crowd of devotees and Nava Baja (traditional musical arrangement). This is a time when the business community of Patan comes together to pay their respects to Bhimsena and ask for his blessings for a prosperous year ahead.</p><p class=\"ql-align-justify\">The Lakhu Dhau Dance is the most spectacular aspect of Bhimsen Jatra. This traditional Newari dance, performed by young men in vibrant, colorful costumes, is believed to bring good luck and prosperity when accompanied by traditional music. The dance takes place in front of the Bhimsena temple in Patan Durbar Square and is performed not only by the dancers but also by locals. It\'s a unique and lively performance that adds color to the festival.</p><p class=\"ql-align-justify\">In addition to the traditional rituals, Bhimsen Jatra also features cultural performances such as traditional music, dance, and street plays. Many merchants and traders participate in the festival by setting up stalls and offering prayers to the god. They believe that by doing so, Bhimsen will bless their business and trade, bringing them prosperity and success.</p><p class=\"ql-align-justify\">In conclusion, Bhimsena Jatra is a celebration of the business community that provides an opportunity for people to come together and celebrate their culture and traditions regardless of their age and background.</p><p class=\"ql-align-justify\"><br></p><h2 class=\"ql-align-justify\">Religious Significance of Patan Durbar Square</h2><p class=\"ql-align-justify\">Patan Durbar Square is home to many significant temples and shrines that reflect the city\'s rich religious heritage. The temple of Lord Krishna, situated in the square, said to be the oldest in the Kathmandu Valley, is an important religious site for Hindu worshippers. The temple also has shrines for the Hindu Lord Shiva and Buddhist god Avalokiteshwora alongside Lord Krishna.</p><p class=\"ql-align-justify\">The square also houses a temple dedicated to the Hindu god Bhimsen, who is the god of trade and business. The temple is celebrated annually with the Bhimsen Jatra and is an important religious site for Hindu worshippers. The temple of Taleju Bhawani, dedicated to the goddess Taleju and the temple of Lord Vishnu and his consort Laxmi are also significant religious sites in the square.</p><p class=\"ql-align-justify\"><img src=\"https://cms.altitudehimalaya.com/media/Blog/Travel-Stories/Patan-DS/Tusha-Hiti-inside-Patan.png\" alt=\"Regilious Significance of Patan\"></p><p class=\"ql-align-justify\">The square is also a significant site for Buddhism, with the Kumbheswar Temple being an important religious site for the Kirant as well as Hindu devotees. This temple, considered one of the only remaining pre-Licchavi pagoda temples in Nepal, represents the coexistence of different religions in Patan and the city\'s religious diversity.</p><p class=\"ql-align-justify\">In conclusion, Patan Durbar Square is a religious and cultural center that reflects the city\'s rich heritage, with many significant temples and shrines for Hinduism and Buddhism. It serves as an important religious site for the people of Patan and visitors alike.</p><p class=\"ql-align-justify\"><br></p><h2 class=\"ql-align-justify\">Cultural Significance of Patan Durbar Square</h2><p class=\"ql-align-justify\">Patan Durbar Square is a cultural gem that offers a glimpse into the rich cultural heritage of the Kathmandu Valley. The square is home to a collection of temples, palaces, and shrines that date back to the 14th century, and it continues to be a major center of&nbsp;<a href=\"https://www.altitudehimalaya.com/blog/nepal-visit-culture-customs-and-geography\" rel=\"noopener noreferrer\" target=\"_blank\">culture and religious activity</a>&nbsp;to this day.</p><p class=\"ql-align-justify\">Patan Durbar Square is a significant center of Newari culture, the indigenous culture of Kathmandu Valley, with its unique language, customs, and traditional arts. The square is home to many traditional Newari houses, some open to visitors and offering a glimpse into the traditional way of life.</p><p class=\"ql-align-justify\"><img src=\"https://cms.altitudehimalaya.com/media/Blog/Travel-Stories/Patan-DS/Puppet-Art-in-Patan.png\" alt=\"Patan Durbar Square Cultural Significance\"></p><p class=\"ql-align-justify\">One of the most striking features of Patan Durbar Square is the wood carvings and metalwork of gods and goddesses, mythical creatures, and scenes from Hindu and Buddhist mythology. These carvings are not only beautiful, but they also serve as a reminder of the deep religious and cultural beliefs that have shaped the Kathmandu Valley for centuries.</p><p class=\"ql-align-justify\">You will be left wide-eyed by all the diverse cultural traditions that the locals admire and practice with each festival in Patan. Each event has a set of its history and a legend tied alongside it. The culture and traditions of Patan Durbar Square are one of the oldest in the country, always brought to life by lively music, art, dances, traditional clothes, and processions.</p><p class=\"ql-align-justify\">Overall, Patan Durbar Square is a cultural treasure trove that offers visitors a chance to experience Nepal\'s rich history and culture. You can learn so much about the traditions and festivals of Kathmandu valley in this single place. From the intricate wood carvings and metalwork to the traditional houses and&nbsp;<a href=\"https://www.altitudehimalaya.com/blog/major-newari-festivals-in-kathmandu-valley\" rel=\"noopener noreferrer\" target=\"_blank\">Newari festivals</a>, the square provides a glimpse into the vibrant cultural heritage of the Kathmandu Valley.</p><p class=\"ql-align-justify\"><br></p><h2 class=\"ql-align-justify\">Best Time of the day to Visit Patan</h2><p class=\"ql-align-justify\">It is best to visit Patan Durbar Square typically early in the morning or late in the afternoon. Visiting during these times allows you to avoid the heat of the day and the crowds of tourists and provides the best light for photography. It also helps avoid the office rush hours of traffic.</p><p class=\"ql-align-justify\">In the early morning, the square is relatively quiet and peaceful, and you\'ll have a chance to see the temples and palaces in a more intimate setting. Late afternoon is also a good time to visit, as the light is softer and more golden, which makes for great photography.</p><p class=\"ql-align-justify\"><img src=\"https://cms.altitudehimalaya.com/media/Blog/Travel-Stories/Patan-DS/Siddhi-Narsingh-Malla.png\" alt=\"Best time to visit patan\"></p><p class=\"ql-align-justify\">If you are more into observing the hustling lively square, you can visit during peak hours (10 am onwards) on weekends. It\'s also worth noting that the square is closed on certain days for various ceremonies and festivals, so it\'s essential to check the schedule before planning your visit.</p><p class=\"ql-align-justify\">The best time to visit Patan Durbar Square is subjective and depends on your preference. If you want to experience the quiet and intimate setting of the square, early morning and late afternoon are ideal. However, if you want to experience the chaotic and vibrant court, the evening (after 4 pm) of any day and weekends generally are good options.</p><p class=\"ql-align-justify\"><br></p><h2 class=\"ql-align-justify\">Patan Durbar Square Opening Hours</h2><p class=\"ql-align-justify\">The square is usually open for visitors from 9 am to 6 pm. This includes the museum, temples, and other sites requiring entry tickets. The square itself is open throughout the day but you won’t be able to enter the museum and other sites before their opening time.</p><p class=\"ql-align-justify\"><img src=\"https://cms.altitudehimalaya.com/media/Blog/Travel-Stories/Patan-DS/Bhandarkhal-Pokhari.png\" alt=\"Patan Durbar Opening Hours\"></p><p class=\"ql-align-justify\">Do keep in mind that the square is closed for various occasions on certain days. Contact your tour guide or related authorities before planning your visit to be on the safe side. Anyway, be informed of the schedule and enjoy your tour!</p><p class=\"ql-align-justify\"><br></p><h3 class=\"ql-align-justify\">Entry Fees</h3><p class=\"ql-align-justify\">SAARC National</p><p class=\"ql-align-justify\">NPR 150 Per Person</p><p class=\"ql-align-justify\">Other Nationals</p><p class=\"ql-align-justify\">NPR 1000 Per Person</p><p class=\"ql-align-justify\">For Museum</p><p class=\"ql-align-justify\">Foreigner NPR 50</p><p class=\"ql-align-justify\">Nepalese NPR 30</p><p class=\"ql-align-justify\">&nbsp;</p><p class=\"ql-align-justify\">There is no entrance fee for Nepalese citizens. The residents of SAARC countries other than Nepal have to pay NRs. 150 for a ticket. Visitors from any other country will be charged NRs. 1000. Children below 10 years old don\'t require entry tickets. The ticket does not cover the museum and other temples outside the durbar square vicinity (Kumbeshwor Temple, Golden Temple, etc). Foreigners will have to pay extra NRs 50 for each of those places and the charge for Nepalese citizens is NRs 30.</p><p class=\"ql-align-justify\"><br></p><h2 class=\"ql-align-justify\">Patan Durbar Square Tips and Guide</h2><h4 class=\"ql-align-justify\">Plan your visit:</h4><p class=\"ql-align-justify\">Check the schedule of the square before planning your visit and make sure it\'s open on the day you want to go. Also, note that the square is closed on certain days for various ceremonies and festivals.</p><h4 class=\"ql-align-justify\">Dress appropriately:</h4><p class=\"ql-align-justify\">Patan Durbar Square is a religious site, and visitors are required to dress modestly. Remove your shoes and leather accessories before entering if required by the temples and shrines.</p><h4 class=\"ql-align-justify\">Respect the local customs:</h4><p class=\"ql-align-justify\">Do not touch or climb on any religious artifacts or monuments, and be respectful of the local customs and traditions. Be attentive to your surroundings and follow all required rules.</p><ol><li class=\"ql-align-justify\">Be attentive:</li></ol><p class=\"ql-align-justify\">All places don’t allow photographs, while some prohibit videos but allow photographs. Make sure to learn these rules to avoid any trouble there. Most places have a board explicitly telling what’s prohibited so look around and enjoy.</p><h4 class=\"ql-align-justify\">Explore and experience local cuisine</h4><p class=\"ql-align-justify\">The food in Patan is as diverse as its culture and history. So, don’t forget to try out the local foods and beverages. (which cost way cheaper if you visit one of the many local food corners spread out in the alleyways of Patan)</p><h4 class=\"ql-align-justify\">Be prepared for the dust and heat:</h4><p class=\"ql-align-justify\">Bring a face mask to protect yourself from dust and pollution. Also carry sunblock, a hat, or sunglasses to protect yourself from the sun. You will also need some water and snacks to keep you going about the day.</p><h4 class=\"ql-align-justify\">Be aware of your surroundings:</h4><p class=\"ql-align-justify\">The square can get crowded at times, especially during festivals and other events. Be sure to keep an eye on your belongings. Always be on high alert if someone is acting fishy or offering free stuff for no reason whatsoever as it might lead to you getting scammed. It doesn’t always happen but it\'s better to be safe than sorry.</p><h4 class=\"ql-align-justify\">Carry cash:</h4><p class=\"ql-align-justify\">Some of the smaller vendors and shops in the square may not accept credit cards, so it\'s a good idea to have some cash on hand.</p><h4 class=\"ql-align-justify\">Have fun and enjoy the experience:</h4><p class=\"ql-align-justify\">Patan Durbar Square is a unique blend of culture, history, and art. Indulge yourself at the moment, have a good time, and enjoy the experience.</p><p><br></p>', 'REJECTED', 'uh', '2026-05-16 09:06:03', 'uploads/covers/fcac6aab-0365-401e-bfbb-f1a0665ac8fa.jpg', '2026-05-06 08:24:07', '2026-05-16 09:06:03', '2026-05-06 08:25:49'),
(5, 1, 7, 'pokhara ko taal', '<p>helloo</p>', 'PUBLISHED', NULL, '2026-05-06 11:14:31', 'uploads/covers/65ab23c7-923c-4ffc-9ded-75eaf4900621.png', '2026-05-06 10:19:11', '2026-05-06 11:14:31', '2026-05-06 11:14:31'),
(6, 1, 14, 'Birdwatching', '<p>lkjfdkljkfjdlksa</p>', 'PUBLISHED', NULL, '2026-05-06 11:13:13', NULL, '2026-05-06 11:12:11', '2026-05-06 11:13:13', '2026-05-06 11:13:13'),
(7, 1, 15, 'sdfghj', '<p>dfghj</p>', 'PUBLISHED', NULL, '2026-05-14 15:10:58', 'uploads/covers/84ee54ed-b356-4735-8bec-aa81996df8c0.jpeg', '2026-05-06 11:24:27', '2026-05-14 15:10:58', '2026-05-14 15:10:58'),
(8, 6, 10, 'ankara messi goal goal', '<p>goalllllllllllll</p>', 'PUBLISHED', NULL, '2026-05-07 05:36:18', 'uploads/covers/5d444065-f239-4015-b161-eba9da3f9d29.jpg', '2026-05-07 05:35:09', '2026-05-07 05:36:18', '2026-05-07 05:36:18'),
(9, 6, 7, 'fdaskfhkjdas', '<p>fdsafhjdskahj</p>', 'PUBLISHED', NULL, '2026-05-07 05:59:31', NULL, '2026-05-07 05:59:14', '2026-05-07 05:59:31', '2026-05-07 05:59:31'),
(10, 1, 16, 'Bandipur', '<p>bird watching at bandipurkkk</p>', 'PUBLISHED', NULL, '2026-05-12 07:28:17', 'uploads/covers/d61892d4-965f-4585-adfe-d4ff641351d4.jpg', '2026-05-07 06:42:31', '2026-05-12 07:28:17', '2026-05-12 07:28:17'),
(11, 7, 5, 'Mountain Lodges of Nepal Manang', '<p>its pabina the writer and article about manang</p>', 'PUBLISHED', NULL, '2026-05-12 16:20:19', 'uploads/covers/270c5aa5-c720-4470-bbc7-3b5e216ba2f0.jpeg', '2026-05-12 16:19:35', '2026-05-12 16:20:19', '2026-05-12 16:20:19'),
(12, 1, 10, 'FOOOODW', '<p>to be continued</p><p>updated content</p>', 'PUBLISHED', NULL, '2026-05-15 12:07:19', 'uploads/covers/0f07e30a-04f2-4c9d-8cc4-ee0891512773.webp', '2026-05-15 11:58:11', '2026-05-15 12:07:19', '2026-05-15 12:07:19');
INSERT INTO `articles` (`article_id`, `author_id`, `category_id`, `title`, `content`, `status`, `review_note`, `reviewed_at`, `cover_image`, `created_at`, `updated_at`, `published_at`) VALUES
(13, 1, 18, '1000 words article', '<p>Lorem ipsum dolor sit amet, consectetuer adipiscing elit. Aenean commodo ligula eget dolor. Aenean massa. Cum sociis natoque penatibus et magnis dis parturient montes, nascetur ridiculus mus. Donec quam felis, ultricies nec, pellentesque eu, pretium quis, sem. Nulla consequat massa quis enim. Donec pede justo, fringilla vel, aliquet nec, vulputate eget, arcu. In enim justo, rhoncus ut, imperdiet a, venenatis vitae, justo. Nullam dictum felis eu pede mollis pretium. Integer tincidunt. Cras dapibus. Vivamus elementum semper nisi. Aenean vulputate eleifend tellus. Aenean leo ligula, porttitor eu, consequat vitae, eleifend ac, enim. Aliquam lorem ante, dapibus in, viverra quis, feugiat a, tellus. Phasellus viverra nulla ut metus varius laoreet. Quisque rutrum. Aenean imperdiet. Etiam ultricies nisi vel augue. Curabitur ullamcorper ultricies nisi. Nam eget dui. Etiam rhoncus. Maecenas tempus, tellus eget condimentum rhoncus, sem quam semper libero, sit amet adipiscing sem neque sed ipsum. Nam quam nunc, blandit vel, luctus pulvinar, hendrerit id, lorem. Maecenas nec odio et ante tincidunt tempus. Donec vitae sapien ut libero venenatis faucibus. Nullam quis ante. Etiam sit amet orci eget eros faucibus tincidunt. Duis leo. Sed fringilla mauris sit amet nibh. Donec sodales sagittis magna. Sed consequat, leo eget bibendum sodales, augue velit cursus nunc, quis gravida magna mi a libero. Fusce vulputate eleifend sapien. Vestibulum purus quam, scelerisque ut, mollis sed, nonummy id, metus. Nullam accumsan lorem in dui. Cras ultricies mi eu turpis hendrerit fringilla. Vestibulum ante ipsum primis in faucibus orci luctus et ultrices posuere cubilia Curae; In ac dui quis mi consectetuer lacinia. Nam pretium turpis et arcu. Duis arcu tortor, suscipit eget, imperdiet nec, imperdiet iaculis, ipsum. Sed aliquam ultrices mauris. Integer ante arcu, accumsan a, consectetuer eget, posuere ut, mauris. Praesent adipiscing. Phasellus ullamcorper ipsum rutrum nunc. Nunc nonummy metus. Vestibulum volutpat pretium libero. Cras id dui. Aenean ut eros et nisl sagittis vestibulum. Nullam nulla eros, ultricies sit amet, nonummy id, imperdiet feugiat, pede. Sed lectus. Donec mollis hendrerit risus. Phasellus nec sem in justo pellentesque facilisis. Etiam imperdiet imperdiet orci. Nunc nec neque. Phasellus leo dolor, tempus non, auctor et, hendrerit quis, nisi. Curabitur ligula sapien, tincidunt non, euismod vitae, posuere imperdiet, leo. Maecenas malesuada. Praesent congue erat at massa. Sed cursus turpis vitae tortor. Donec posuere vulputate arcu. Phasellus accumsan cursus velit. Vestibulum ante ipsum primis in faucibus orci luctus et ultrices posuere cubilia Curae; Sed aliquam, nisi quis porttitor congue, elit erat euismod orci, ac placerat dolor lectus quis orci. Phasellus consectetuer vestibulum elit. Aenean tellus metus, bibendum sed, posuere ac, mattis non, nunc. Vestibulum fringilla pede sit amet augue. In turpis. Pellentesque posuere. Praesent turpis. Aenean posuere, tortor sed cursus feugiat, nunc augue blandit nunc, eu sollicitudin urna dolor sagittis lacus. Donec elit libero, sodales nec, volutpat a, suscipit non, turpis. Nullam sagittis. Suspendisse pulvinar, augue ac venenatis condimentum, sem libero volutpat nibh, nec pellentesque velit pede quis nunc. Vestibulum ante ipsum primis in faucibus orci luctus et ultrices posuere cubilia Curae; Fusce id purus. Ut varius tincidunt libero. Phasellus dolor. Maecenas vestibulum mollis diam. Pellentesque ut neque. Pellentesque habitant morbi tristique senectus et netus et malesuada fames ac turpis egestas. In dui magna, posuere eget, vestibulum et, tempor auctor, justo. In ac felis quis tortor malesuada pretium. Pellentesque auctor neque nec urna. Proin sapien ipsum, porta a, auctor quis, euismod ut, mi. Aenean viverra rhoncus pede. Pellentesque habitant morbi tristique senectus et netus et malesuada fames ac turpis egestas. Ut non enim eleifend felis pretium feugiat. Vivamus quis mi. Phasellus a est. Phasellus magna. In hac habitasse platea dictumst. Curabitur at lacus ac velit ornare lobortis. Curabitur a felis in nunc fringilla tristique. Morbi mattis ullamcorper velit. Phasellus gravida semper nisi. Nullam vel sem. Pellentesque libero tortor, tincidunt et, tincidunt eget, semper nec, quam. Sed hendrerit. Morbi ac felis. Nunc egestas, augue at pellentesque laoreet, felis eros vehicula leo, at malesuada velit leo quis pede. Donec interdum, metus et hendrerit aliquet, dolor diam sagittis ligula, eget egestas libero turpis vel mi. Nunc nulla. Fusce risus nisl, viverra et, tempor et, pretium in, sapien. Donec venenatis vulputate lorem. Morbi nec metus. Phasellus blandit leo ut odio. Maecenas ullamcorper, dui et placerat feugiat, eros pede varius nisi, condimentum viverra felis nunc et lorem. Sed magna purus, fermentum eu, tincidunt eu, varius ut, felis. In auctor lobortis lacus. Quisque libero metus, condimentum nec, tempor a, commodo mollis, magna. Vestibulum ullamcorper mauris at ligula. Fusce fermentum. Nullam cursus lacinia erat. Praesent blandit laoreet nibh. Fusce convallis metus id felis luctus adipiscing. Pellentesque egestas, neque sit amet convallis pulvinar, justo nulla eleifend augue, ac auctor orci leo non est. Quisque id mi. Ut tincidunt tincidunt erat. Etiam feugiat lorem non metus. Vestibulum dapibus nunc ac augue. Curabitur vestibulum aliquam leo. Praesent egestas neque eu enim. In hac habitasse platea dictumst. Fusce a quam. Etiam ut purus mattis mauris sodales aliquam. Curabitur nisi. Quisque malesuada placerat nisl. Nam ipsum risus, rutrum vitae, vestibulum eu, molestie vel, lacus. Sed augue ipsum, egestas nec, vestibulum et, malesuada adipiscing, dui. Vestibulum facilisis, purus nec pulvinar iaculis, ligula mi congue nunc, vitae euismod ligula urna in dolor. Mauris sollicitudin fermentum libero. Praesent nonummy mi in odio. Nunc interdum lacus sit amet orci. Vestibulum rutrum, mi nec elementum vehicula, eros quam gravida nisl, id fringilla neque ante vel mi. Morbi mollis tellus ac sapien. Phasellus volutpat, metus eget egestas mollis, lacus lacus blandit dui, id egestas quam mauris ut lacus. Fusce vel dui. Sed in libero ut nibh placerat accumsan. Proin faucibus arcu quis ante. In consectetuer turpis ut velit. Nulla sit amet est. Praesent metus tellus, elementum eu, semper a, adipiscing nec, purus. Cras risus ipsum, faucibus ut, ullamcorper id, varius ac, leo. Suspendisse feugiat. Suspendisse enim turpis, dictum sed, iaculis a, condimentum nec, nisi. Praesent nec nisl a purus blandit viverra. Praesent ac massa at ligula laoreet iaculis. Nulla neque dolor, sagittis eget, iaculis quis, molestie non, velit. Mauris turpis nunc, blandit et, volutpat molestie, porta ut, ligula. Fusce pharetra convallis urna. Quisque ut nisi. Donec mi odio, faucibus at, scelerisque quis,</p>', 'PUBLISHED', NULL, '2026-05-16 08:59:06', NULL, '2026-05-16 08:58:58', '2026-05-16 08:59:06', '2026-05-16 08:59:06');

-- --------------------------------------------------------

--
-- Table structure for table `article_tags`
--

CREATE TABLE `article_tags` (
  `article_id` int(11) NOT NULL,
  `tag_id` int(11) NOT NULL
) ENGINE=InnoDB DEFAULT CHARSET=latin1 COLLATE=latin1_swedish_ci;

--
-- Dumping data for table `article_tags`
--

INSERT INTO `article_tags` (`article_id`, `tag_id`) VALUES
(4, 2),
(5, 4),
(6, 5),
(7, 6),
(8, 2),
(10, 5),
(11, 4);

-- --------------------------------------------------------

--
-- Table structure for table `categories`
--

CREATE TABLE `categories` (
  `id` int(11) NOT NULL,
  `name` varchar(100) NOT NULL,
  `slug` varchar(100) NOT NULL,
  `description` text DEFAULT NULL,
  `parent_id` int(11) DEFAULT NULL
) ENGINE=InnoDB DEFAULT CHARSET=latin1 COLLATE=latin1_swedish_ci;

--
-- Dumping data for table `categories`
--

INSERT INTO `categories` (`id`, `name`, `slug`, `description`, `parent_id`) VALUES
(4, 'Destination', 'destination', 'Posts Regarding Destinations', NULL),
(5, 'Nepal', 'nepal', 'All the post regarding destinations of nepal', 4),
(6, 'Kathmandu', 'kathmandu', 'All places of Kathmandu', 5),
(7, 'Pokhara', 'pokhara', 'All the Destinations at Pokhara', 5),
(8, 'India', 'india', 'All About Indian Destinations', 4),
(9, 'Delhi', 'delhi', 'Destinations of Delhi', 8),
(10, 'Food', 'food', NULL, NULL),
(11, 'Italian Food', 'italian-food', NULL, 10),
(12, 'Canada', 'canada', NULL, 4),
(14, 'Birdwatching', 'birdwatching', NULL, NULL),
(15, 'Trekking', 'trekking', NULL, NULL),
(16, 'Bandipur', 'bandipur', NULL, 5),
(18, 'Activity', 'activity', 'Includes all the activity possible', NULL),
(19, 'Walking', 'walking', NULL, 18);

-- --------------------------------------------------------

--
-- Table structure for table `home_top_picks`
--

CREATE TABLE `home_top_picks` (
  `id` int(11) NOT NULL,
  `article_id` int(11) NOT NULL,
  `display_order` int(11) NOT NULL DEFAULT 0,
  `added_at` timestamp NULL DEFAULT current_timestamp()
) ENGINE=InnoDB DEFAULT CHARSET=latin1 COLLATE=latin1_swedish_ci;

--
-- Dumping data for table `home_top_picks`
--

INSERT INTO `home_top_picks` (`id`, `article_id`, `display_order`, `added_at`) VALUES
(1, 3, 1, '2026-05-06 08:05:10');

-- --------------------------------------------------------

--
-- Table structure for table `review_feedback`
--

CREATE TABLE `review_feedback` (
  `feedback_id` int(11) NOT NULL,
  `article_id` int(11) NOT NULL,
  `admin_id` int(11) NOT NULL,
  `action` varchar(50) NOT NULL,
  `message` text NOT NULL,
  `created_at` timestamp NULL DEFAULT current_timestamp()
) ENGINE=InnoDB DEFAULT CHARSET=latin1 COLLATE=latin1_swedish_ci;

-- --------------------------------------------------------

--
-- Table structure for table `subscribers`
--

CREATE TABLE `subscribers` (
  `subscriber_id` int(11) NOT NULL,
  `email` varchar(100) NOT NULL,
  `subscribed_at` timestamp NULL DEFAULT current_timestamp()
) ENGINE=InnoDB DEFAULT CHARSET=latin1 COLLATE=latin1_swedish_ci;

--
-- Dumping data for table `subscribers`
--

INSERT INTO `subscribers` (`subscriber_id`, `email`, `subscribed_at`) VALUES
(1, 'shahibindu133@gmail.com', '2026-05-06 08:36:04'),
(2, 'sfjlkdasjfsljkfdlkj@gmail.com', '2026-05-06 08:38:28'),
(3, 'xlkjljfsad@gmail.com', '2026-05-06 11:27:04'),
(4, 'ejus@gmail.com', '2026-05-16 08:47:38');

-- --------------------------------------------------------

--
-- Table structure for table `tags`
--

CREATE TABLE `tags` (
  `id` int(11) NOT NULL,
  `name` varchar(50) NOT NULL,
  `slug` varchar(50) NOT NULL
) ENGINE=InnoDB DEFAULT CHARSET=latin1 COLLATE=latin1_swedish_ci;

--
-- Dumping data for table `tags`
--

INSERT INTO `tags` (`id`, `name`, `slug`) VALUES
(2, 'Patan', 'patan'),
(3, 'durbar square', 'durbar-square'),
(4, 'lakes', 'lakes'),
(5, 'Birdwatching', 'birdwatching'),
(6, 'trek', 'trek'),
(7, 'Walk', 'walk');

-- --------------------------------------------------------

--
-- Table structure for table `users`
--

CREATE TABLE `users` (
  `user_id` int(11) NOT NULL,
  `email` varchar(100) NOT NULL,
  `password_hash` varchar(255) NOT NULL,
  `role` enum('ADMIN','CONTRIBUTOR') NOT NULL DEFAULT 'CONTRIBUTOR',
  `failed_attempts` int(11) NOT NULL DEFAULT 0,
  `account_status` enum('ACTIVE','LOCKED','DISABLED','PENDING') NOT NULL DEFAULT 'PENDING',
  `created_at` timestamp NULL DEFAULT current_timestamp(),
  `disabled_at` timestamp NULL DEFAULT NULL,
  `deleted_at` timestamp NULL DEFAULT NULL
) ENGINE=InnoDB DEFAULT CHARSET=latin1 COLLATE=latin1_swedish_ci;

--
-- Dumping data for table `users`
--

INSERT INTO `users` (`user_id`, `email`, `password_hash`, `role`, `failed_attempts`, `account_status`, `created_at`, `disabled_at`, `deleted_at`) VALUES
(1, 'shahitejas899@gmail.com', '$2a$10$qVSVoX4oOk.TMueMQ24AueFKgorUyXgbH4tY82p9EIfE91IhFO4T.', 'CONTRIBUTOR', 0, 'ACTIVE', '2026-05-03 04:45:24', NULL, NULL),
(2, 'shahitejas1@gmail.com', '$2a$10$0XBMt45k6xO1HCuLJaGoV.GBvps4Oh4mO0UqNI9lOEfUHiX.o/TjW', 'ADMIN', 0, 'ACTIVE', '2026-05-03 16:16:43', NULL, NULL),
(6, 'deshu.shakya.7@gmail.com', '$2a$10$fnDzwg0hNWPiKG7/S2sIF.uWODSyudVv1wMJPfvhJ0W/hoaSe7whe', 'CONTRIBUTOR', 0, 'ACTIVE', '2026-05-07 05:32:15', NULL, NULL),
(7, 'pabinaacharya6@gmail.com', '$2a$10$Wb1ab.vsDRsTk1ohsUZpPOqoL8SE5du29Yao97rrz8./g8L1BMGSy', 'CONTRIBUTOR', 0, 'ACTIVE', '2026-05-12 16:12:00', NULL, NULL),
(9, 'shahitejas5@gmail.com', '$2a$10$Zzi2lWU3Pz.Vb44JzMhmPeWevO5DC9ftTjmbhGrdu6U7NFUp7vXnm', 'CONTRIBUTOR', 0, 'ACTIVE', '2026-05-15 09:15:47', NULL, NULL),
(10, 'shahijas899@gmail.com', '$2a$10$Kydw2/A5X6hs7F7afsLEZ.bAMUPoxgKw0aUIFuY1lwsVrpis3eTTe', 'CONTRIBUTOR', 0, 'PENDING', '2026-05-15 09:54:39', NULL, NULL);

-- --------------------------------------------------------

--
-- Table structure for table `user_profiles`
--

CREATE TABLE `user_profiles` (
  `profile_id` int(11) NOT NULL,
  `user_id` int(11) NOT NULL,
  `full_name` varchar(100) NOT NULL,
  `contact_number` varchar(15) DEFAULT NULL,
  `bio` text DEFAULT NULL,
  `profile_picture` varchar(255) DEFAULT NULL
) ENGINE=InnoDB DEFAULT CHARSET=latin1 COLLATE=latin1_swedish_ci;

--
-- Dumping data for table `user_profiles`
--

INSERT INTO `user_profiles` (`profile_id`, `user_id`, `full_name`, `contact_number`, `bio`, `profile_picture`) VALUES
(1, 1, 'Tejas Shahi', '+9779867464694', 'I am and always will be an explorer', 'uploads/content/f9e19b1f-5b41-433d-b870-dd47ca7ff452.jpeg'),
(2, 2, 'Admin', '9867464694', NULL, NULL),
(6, 6, 'ankara messi', '1234567890', NULL, NULL),
(7, 7, 'Pabina Aacharya', '9866293123', 'pabina hehehe', 'uploads/content/c0436dab-4cba-4ffe-819e-43a0032be9a0.jpg'),
(9, 9, 'Tejas Shahi', '8744634433', NULL, NULL),
(10, 10, 'Aaditya Shah', '9779867464', NULL, NULL);

--
-- Indexes for dumped tables
--

--
-- Indexes for table `articles`
--
ALTER TABLE `articles`
  ADD PRIMARY KEY (`article_id`),
  ADD KEY `author_id` (`author_id`),
  ADD KEY `category_id` (`category_id`);

--
-- Indexes for table `article_tags`
--
ALTER TABLE `article_tags`
  ADD PRIMARY KEY (`article_id`,`tag_id`),
  ADD KEY `article_tags_ibfk_2` (`tag_id`);

--
-- Indexes for table `categories`
--
ALTER TABLE `categories`
  ADD PRIMARY KEY (`id`),
  ADD UNIQUE KEY `name` (`name`),
  ADD UNIQUE KEY `slug` (`slug`),
  ADD KEY `categories_ibfk_1` (`parent_id`);

--
-- Indexes for table `home_top_picks`
--
ALTER TABLE `home_top_picks`
  ADD PRIMARY KEY (`id`),
  ADD UNIQUE KEY `article_id` (`article_id`);

--
-- Indexes for table `review_feedback`
--
ALTER TABLE `review_feedback`
  ADD PRIMARY KEY (`feedback_id`),
  ADD KEY `article_id` (`article_id`),
  ADD KEY `admin_id` (`admin_id`);

--
-- Indexes for table `subscribers`
--
ALTER TABLE `subscribers`
  ADD PRIMARY KEY (`subscriber_id`),
  ADD UNIQUE KEY `email` (`email`);

--
-- Indexes for table `tags`
--
ALTER TABLE `tags`
  ADD PRIMARY KEY (`id`),
  ADD UNIQUE KEY `name` (`name`),
  ADD UNIQUE KEY `slug` (`slug`);

--
-- Indexes for table `users`
--
ALTER TABLE `users`
  ADD PRIMARY KEY (`user_id`),
  ADD UNIQUE KEY `email` (`email`);

--
-- Indexes for table `user_profiles`
--
ALTER TABLE `user_profiles`
  ADD PRIMARY KEY (`profile_id`),
  ADD UNIQUE KEY `user_id` (`user_id`),
  ADD UNIQUE KEY `contact_number` (`contact_number`);

--
-- AUTO_INCREMENT for dumped tables
--

--
-- AUTO_INCREMENT for table `articles`
--
ALTER TABLE `articles`
  MODIFY `article_id` int(11) NOT NULL AUTO_INCREMENT, AUTO_INCREMENT=14;

--
-- AUTO_INCREMENT for table `categories`
--
ALTER TABLE `categories`
  MODIFY `id` int(11) NOT NULL AUTO_INCREMENT, AUTO_INCREMENT=20;

--
-- AUTO_INCREMENT for table `home_top_picks`
--
ALTER TABLE `home_top_picks`
  MODIFY `id` int(11) NOT NULL AUTO_INCREMENT, AUTO_INCREMENT=12;

--
-- AUTO_INCREMENT for table `review_feedback`
--
ALTER TABLE `review_feedback`
  MODIFY `feedback_id` int(11) NOT NULL AUTO_INCREMENT;

--
-- AUTO_INCREMENT for table `subscribers`
--
ALTER TABLE `subscribers`
  MODIFY `subscriber_id` int(11) NOT NULL AUTO_INCREMENT, AUTO_INCREMENT=5;

--
-- AUTO_INCREMENT for table `tags`
--
ALTER TABLE `tags`
  MODIFY `id` int(11) NOT NULL AUTO_INCREMENT, AUTO_INCREMENT=8;

--
-- AUTO_INCREMENT for table `users`
--
ALTER TABLE `users`
  MODIFY `user_id` int(11) NOT NULL AUTO_INCREMENT, AUTO_INCREMENT=11;

--
-- AUTO_INCREMENT for table `user_profiles`
--
ALTER TABLE `user_profiles`
  MODIFY `profile_id` int(11) NOT NULL AUTO_INCREMENT, AUTO_INCREMENT=11;

--
-- Constraints for dumped tables
--

--
-- Constraints for table `articles`
--
ALTER TABLE `articles`
  ADD CONSTRAINT `articles_ibfk_1` FOREIGN KEY (`author_id`) REFERENCES `users` (`user_id`),
  ADD CONSTRAINT `articles_ibfk_2` FOREIGN KEY (`category_id`) REFERENCES `categories` (`id`);

--
-- Constraints for table `article_tags`
--
ALTER TABLE `article_tags`
  ADD CONSTRAINT `article_tags_ibfk_1` FOREIGN KEY (`article_id`) REFERENCES `articles` (`article_id`) ON DELETE CASCADE,
  ADD CONSTRAINT `article_tags_ibfk_2` FOREIGN KEY (`tag_id`) REFERENCES `tags` (`id`) ON DELETE CASCADE;

--
-- Constraints for table `categories`
--
ALTER TABLE `categories`
  ADD CONSTRAINT `categories_ibfk_1` FOREIGN KEY (`parent_id`) REFERENCES `categories` (`id`) ON DELETE SET NULL;

--
-- Constraints for table `home_top_picks`
--
ALTER TABLE `home_top_picks`
  ADD CONSTRAINT `fk_tp_article` FOREIGN KEY (`article_id`) REFERENCES `articles` (`article_id`) ON DELETE CASCADE;

--
-- Constraints for table `review_feedback`
--
ALTER TABLE `review_feedback`
  ADD CONSTRAINT `review_feedback_ibfk_1` FOREIGN KEY (`article_id`) REFERENCES `articles` (`article_id`) ON DELETE CASCADE,
  ADD CONSTRAINT `review_feedback_ibfk_2` FOREIGN KEY (`admin_id`) REFERENCES `users` (`user_id`);

--
-- Constraints for table `user_profiles`
--
ALTER TABLE `user_profiles`
  ADD CONSTRAINT `user_profiles_ibfk_1` FOREIGN KEY (`user_id`) REFERENCES `users` (`user_id`) ON DELETE CASCADE;
COMMIT;

/*!40101 SET CHARACTER_SET_CLIENT=@OLD_CHARACTER_SET_CLIENT */;
/*!40101 SET CHARACTER_SET_RESULTS=@OLD_CHARACTER_SET_RESULTS */;
/*!40101 SET COLLATION_CONNECTION=@OLD_COLLATION_CONNECTION */;
